BA,CAT,CVX
296.8399963378906,157.0399932861328,127.58000183105469
297.79998779296875,157.27999877929688,128.50999450683594
296.6700134277344,159.44000244140625,128.11000061035156
308.8399963378906,161.9600067138672,127.9000015258789
310.1499938964844,166.02999877929688,128.52999877929688
318.42999267578125,166.42999267578125,127.83999633789062
320.2600098,165.8699951171875,128.66000366210938
328.1199951171875,169.1999969482422,132.57000732421875
336.2099914550781,170.3000030517578,133.60000610351562
335.1600036621094,169.30999755859375,132.00999450683594
351.0100098,168.5,132.36000061035156
340.1600036621094,168.8300018310547,131.58999633789062
337.7300109863281,170.41000366210938,131.3000030517578
338,170.88999938964844,132.55999755859375
335.5899963378906,169.42999267578125,131.02000427246094
334.69000244140625,168.33999633789062,131.38999938964844
343.1099853515625,169.3699951171875,130.64999389648438
343.2200012207031,167.05999755859375,131.19000244140625
340.82000732421875,162.5800018310547,128.47999572753906
337.7099914550781,163.75999450683594,125.2300033569336
354.3699951171875,162.77999877929688,125.3499984741211
356.94000244140625,162.24000549316406,125.56999969482422
348.9100036621094,157.49000549316406,118.58000183105469
328.8800048828125,151.0800018310547,112.62000274658203
340.9100036621094,156.41000366210938,117.18000030517578
348.1199951171875,154.33999633789062,115.29000091552734
329.6600036621094,145.99000549316406,112.30000305175781
332.8299865722656,149.2100067138672,113.5
343.79998779296875,152.2899932861328,113.9800033569336
343.1600036621094,153.97000122070312,113.29000091552734
344.8500061035156,158.05999755859375,113.62999725341797
356.4599914550781,159.97999572753906,112.52999877929688
355.0400085449219,156.2899932861328,112.13999938964844
353.3500061035156,155.55999755859375,110.9800033569336
352.3699951171875,155.22999572753906,109.05999755859375
355.9200134277344,158.86000061035156,109.88999938964844
356.6600036621094,162.41000366210938,112.58999633789062
363.4800109863281,163.69000244140625,114.5999984741211
364.6400146484375,161.25999450683594,113.61000061035156
362.2099914550781,154.6300048828125,111.91999816894531
349.69000244140625,150.22999572753906,112.04000091552734
344.6700134277344,146.3800048828125,111.63999938964844
352.75,151.1199951171875,113.1500015258789
348.9200134277344,153.75,113.6500015258789
347.0400085449219,151.50999450683594,113.83999633789062
348.7300109863281,153.58999633789062,113.3499984741211
354.5199890136719,158.25,117.22000122070312
344.19000244140625,154.5,116.79000091552734
338.6700134277344,153.69000244140625,116.45999908447266
330.2600098,152.5399932861328,115.12999725341797
329.9800109863281,154.57000732421875,115.58000183105469
330.4700012207031,156.4600067138672,115.4000015258789
331.7600098,152.14999389648438,113.88999938964844
337.6300048828125,154.05999755859375,114.5
337.1000061035156,155.8000030517578,117.04000091552734
319.6099853515625,146.89999389648438,113.69999694824219
321,144.2899932861328,112.9800033569336
328.9700012207031,149.19000244140625,115.3499984741211
321.1199951171875,146.99000549316406,114.66000366210938
320.0199890136719,145.16000366210938,112.0999984741211
327.8800048828125,147.3800048828125,114.04000091552734
322.44000244140625,143.88999938964844,112.23999786376953
330.82000732421875,145.05999755859375,114.83000183105469
327.44000244140625,145.17999267578125,114.4800033569336
336.3999938964844,148.1300048828125,117.29000091552734
326.1199951171875,142.99000549316406,114.76000213623047
322.4800109863281,143.0800018310547,115.9800033569336
334.8299865722656,148.08999633789062,118.8499984741211
327.3599853515625,146.7899932861328,119.25
337.4800109863281,150.13999938964844,119.2300033569336
329.2799987792969,150.22999572753906,119.91999816894531
331.7699890136719,152.13999938964844,120.69999694824219
336.7200012207031,153.30999755859375,121.45999908447266
341,155.9499969482422,123.81999969482422
340.6400146484375,155.6999969482422,123.70999908447266
338.6700134277344,153.25,122.30999755859375
338.8399963378906,153.99000549316406,123.58000183105469
329.05999755859375,144.44000244140625,122.54000091552734
342.8599853515625,145.19000244140625,122.72000122070312
342.7900085449219,146.30999755859375,124.22000122070312
340.8800048828125,144.72000122070312,126.62000274658203
333.55999755859375,144.36000061035156,125.11000061035156
329.5400085449219,144.4199981689453,124.86000061035156
324.19000244140625,143.86000061035156,125.48999786376953
330.69000244140625,143.77999877929688,126.01000213623047
334.42999267578125,146.3699951171875,125.52999877929688
340.42999267578125,149.82000732421875,124.94000244140625
338.3699951171875,149.92999267578125,126.56999969482422
344.5,152.61000061035156,128.72000122070312
344.07000732421875,153.97000122070312,128.82000732421875
342.4599914550781,154.86000061035156,129.83999633789062
344.5899963378906,155.27999877929688,130.38999938964844
342.1199951171875,152.58999633789062,129.74000549316406
340.9700012207031,153.8000030517578,129.55999755859375
344.1400146484375,153.69000244140625,129.4600067138672
351.2300109863281,155.7100067138672,127.86000061035156
363.9200134277344,158.9199981689453,129.3699951171875
355.0199890136719,156.1999969482422,128.22999572753906
359.2099914550781,157.74000549316406,128.6999969482422
359,157.6999969482422,126.61000061035156
360.0899963378906,155.85000610351562,122.19000244140625
352.4800109863281,153.6199951171875,121.38999938964844
358.19000244140625,155.4600067138672,125.16000366210938
352.1600036621094,151.91000366210938,124.30000305175781
356.7200012207031,153.52000427246094,123.8499984741211
360.7300109863281,152.5,122.26000213623047
360.1000061035156,153.00999450683594,122.7300033569336
371.55999755859375,156.50999450683594,123.37999725341797
368.5299987792969,156.2899932861328,126.95999908447266
369.5,155.32000732421875,126.44000244140625
370.94000244140625,156.3000030517578,127.55999755859375
370.6199951171875,157.49000549316406,127.08000183105469
363.8500061035156,154.7100067138672,127.06999969482422
362.4200134277344,153.13999938964844,126.51000213623047
357.8800048828125,150.02000427246094,124.04000091552734
354.7399902,148.67999267578125,125.97000122070312
341.1199951171875,143.3000030517578,125.54000091552734
342.69000244140625,143.1300048828125,125.29000091552734
337.6600036621094,139.52999877929688,122.58999633789062
338.9100036621094,139.94000244140625,125.0999984741211
331.20001220703125,136.5800018310547,122.61000061035156
331.29998779296875,135.5399932861328,124.16000366210938
329.82000732421875,134.61000061035156,126
334.6499938964844,136.02999877929688,125.66000366210938
335.5100098,135.6699981689453,126.43000030517578
336.0799865722656,136.2899932861328,124.25
332.92999267578125,133.8300018310547,124.7300033569336
333.17999267578125,135.80999755859375,123.9800033569336
334.6400146484375,135.41000366210938,124.13999938964844
341.9200134277344,140.97000122070312,125.98999786376953
347.1600036621094,141.25,127.58999633789062
340.6000061035156,136.75999450683594,123.5199966430664
346.0299987792969,139.4199981689453,124.26000213623047
350.7900085449219,140.75,124.04000091552734
356.1000061035156,138.0800018310547,122.9800033569336
356.8800048828125,138.9499969482422,121.91000366210938
360.2300109863281,141.1199951171875,121.52999877929688
355.3299865722656,139.4199981689453,121.66999816894531
354.8999938964844,136.82000732421875,122.2699966430664
353.2699890136719,136.27999877929688,121.33000183105469
358.2699890136719,137.97000122070312,123.8499984741211
355.9200134277344,140.47999572753906,124.9000015258789
359.32000732421875,142.5800018310547,123.94999694824219
360.6499938964844,142.55999755859375,125.97000122070312
351.05999755859375,139.75,127.83000183105469
356.29998779296875,143.8000030517578,126.2699966430664
352.7600098,138.5399932861328,125.38999938964844
349.7300109863281,138.00999450683594,123.76000213623047
348.44000244140625,138.50999450683594,124.05000305175781
346.57000732421875,139.47999572753906,124.30000305175781
350.7600098,142.3800048828125,125.18000030517578
347.7799987792969,139.7100067138672,123.87999725341797
343.7200012207031,138.52000427246094,122.52999877929688
339.4100036621094,135.9199981689453,123.33999633789062
338.3599853515625,135.02000427246094,122.44000244140625
339.1400146484375,134.9199981689453,122.58000183105469
331.7600098,132.02000427246094,117.94000244140625
345.9800109863281,136.25999450683594,117.66000366210938
346.3999938964844,139.33999633789062,117.80000305175781
350.7399902,138.6699981689453,117.75
353.7699890136719,139.99000549316406,117.94000244140625
350.0299987792969,139.6300048828125,118.91999816894531
347.4800109863281,136.7899932861328,118.0999984741211
349.3800048828125,138.2100067138672,119.01000213623047
353.7399902,142.0399932861328,120.3499984741211
351.2099914550781,142,119.86000061035156
350.19000244140625,141.86000061035156,120.22000122070312
346.8999938964844,139.05999755859375,119.80999755859375
342.7900085449219,138.85000610351562,118.45999908447266
346.25,138.24000549316406,118.87000274658203
346.67999267578125,140.58999633789062,118.91999816894531
351.2699890136719,141.57000732421875,115.2300033569336
349.2799987792969,141.32000732421875,114.5999984741211
341.8599853515625,142.0500030517578,114.4800033569336
345.25,142.02999877929688,115.0199966430664
353.4100036621094,144.27999877929688,115.79000091552734
355.4599914550781,145.5399932861328,116.30000305175781
359.79998779296875,144.89999389648438,117.37999725341797
355.9599914550781,146.22000122070312,117.51000213623047
363.5799865722656,149.07000732421875,118.12999725341797
365.2200012207031,152.75999450683594,119.51000213623047
367.4599914550781,156,119.41999816894531
372.2300109863281,156.3800048828125,121.12999725341797
367.9899902,154,122.62000274658203
367.2300109863281,154.08999633789062,123.37000274658203
365.0299987792969,153.1699981689453,121.94999694824219
367.3900146484375,152.47000122070312,122.47000122070312
371.8999938964844,152.49000549316406,122.27999877929688
382.2900085449219,152.27999877929688,124.38999938964844
386.3699951171875,154.82000732421875,124.73999786376953
392.29998779296875,158.22000122070312,125.30999755859375
389.9899902,156.75,124.94999694824219
386.4700012207031,153.30999755859375,125.33000183105469
385.7699890136719,153.35000610351562,124.83999633789062
385.44000244140625,149.4600067138672,126.81999969482422
367.4700012207031,143.72000122070312,122.5999984741211
358.1099853515625,140.97000122070312,118.43000030517578
360.1099853515625,142.07000732421875,117.7699966430664
358.8800048828125,141.8000030517578,116.94000244140625
368.25,143.7100067138672,117.51000213623047
365.5,141.33999633789062,117.29000091552734
359.3500061035156,135.8000030517578,117.47000122070312
356.2600098,131.32000732421875,118.13999938964844
355.9800109863281,128.7100067138672,117.20999908447266
350.04998779296875,118.9800033569336,113.4000015258789
354.6499938964844,112.33999633789062,110.20999908447266
363.7699890136719,115.62999725341797,111.58000183105469
359.2699890136719,115.05000305175781,111.52999877929688
335.5899963378906,113.9800033569336,108.93000030517578
349.9100036621094,117.45999908447266,110.8499984741211
354.8599853515625,121.31999969482422,111.6500015258789
363.07000732421875,124.69999694824219,111.16999816894531
357.75,125.79000091552734,114.7300033569336
361.9800109863281,126.41000366210938,118.94000244140625
366.4700012207031,129.3300018310547,118.9000015258789
372.0199890136719,135.10000610351562,120.87000274658203
370.7699890136719,131.38999938964844,119.36000061035156
369.3399963378906,126.91000366210938,119.51000213623047
357.0299987792969,125,117.38999938964844
349.5100098,125.95999908447266,115.3499984741211
344.7200012207031,125.0999984741211,115.72000122070312
341.57000732421875,129.4199981689453,116.94999694824219
335.95001220703125,129.9600067138672,119.05999755859375
320.94000244140625,125.9800033569336,119.41999816894531
317.70001220703125,122.2699966430664,116.0999984741211
317.32000732421875,123.87000274658203,117.56999969482422
312.32000732421875,122.31999969482422,113.5999984741211
316.3599853515625,124.80000305175781,114.9800033569336
318.0299987792969,124.5999984741211,115.20999908447266
333.5,130.77000427246094,118.13999938964844
342.55999755859375,130.22999572753906,118.8499984741211
346.7600098,135.6699981689453,118.94000244140625
359.9599914550781,138.9499969482422,120.66999816894531
342.5,129.32000732421875,117.23999786376953
331.8999938964844,128.3699951171875,115.91000366210938
323.2200012207031,123.55000305175781,115.48999786376953
326.3500061035156,123.38999938964844,114.94000244140625
322.0299987792969,123.23999786376953,115.47000122070312
326.69000244140625,125.37000274658203,115.62000274658203
325.4700012207031,125.9000015258789,115.94000244140625
318.75,126.7699966430664,113.83000183105469
316.1300048828125,124.47000122070312,112.44999694824219
328.05999755859375,124.2699966430664,109.73999786376953
319.54998779296875,122.33000183105469,107.83000183105469
313.04998779296875,121.55000305175781,104.9800033569336
304.54998779296875,120.06999969482422,104.20999908447266
294.1600036621094,116.94999694824219,100.98999786376953
313.92999267578125,124.76000213623047,107.38999938964844
317.1400146484375,126.66999816894531,109.31999969482422
316.3800048828125,125.61000061035156,108.6500015258789
322.5,127.06999969482422,108.79000091552734
323.80999755859375,126.37999725341797,110.69000244140625
310.8999938964844,121.51000213623047,108.56999969482422
327.0799865722656,128.14999389648438,110.81999969482422
328.1099853515625,128.22999572753906,112.26000213623047
340.5299987792969,129.77000427246094,111.7699966430664
343.8299865722656,130.27000427246094,113.2699966430664
352.6099853515625,132.9600067138672,113.44999694824219
352.8999938964844,132.10000610351562,112.54000091552734
350.3599853515625,131.8000030517578,111.72000122070312
352.2399902,130.69000244140625,112.12000274658203
352.05999755859375,131.66000366210938,111.4000015258789
359.0899963378906,134.5399932861328,111.95999908447266
364.7300109863281,136.60000610351562,114.37000274658203
357.8999938964844,132.24000549316406,112.33999633789062
358.6099853515625,131.82000732421875,111.38999938964844
358.2699890136719,132.72999572753906,113.51000213623047
364.20001220703125,136.86000061035156,113.22000122070312
362.9700012207031,124.37000274658203,112.16999816894531
364.9100036621094,126.52999877929688,111.83000183105469
387.7200012207031,130.11000061035156,113.01000213623047
385.6199951171875,133.16000366210938,114.6500015258789
387.42999267578125,130.91000366210938,118.37000274658203
397,130.8800048828125,119.73999786376953
410.17999267578125,132,119.4800033569336
411.1099853515625,130.5399932861328,118.87999725341797
405.1700134277344,128.77999877929688,118.2300033569336
404.9100036621094,128.60000610351562,117.58000183105469
403.95001220703125,128.92999267578125,116.94999694824219
410.7200012207031,132.6699981689453,118.72000122070312
410.5799865722656,133.10000610351562,119.56999969482422
409.82000732421875,132.6199951171875,118.16000366210938
417.9700012207031,136.1999969482422,119.3499984741211
416.2600098,135.8000030517578,119.30999755859375
421.54998779296875,140.30999755859375,120.27999877929688
417.5799865722656,138.8800048828125,119.13999938964844
424.04998779296875,138.67999267578125,119.38999938964844
426.8699951171875,141.41000366210938,119.62000274658203
426.7699890136719,137.97999572753906,119.94000244140625
435.44000244140625,139.5800018310547,120.08000183105469
439.9599914550781,137.33999633789062,119.58000183105469
440.6199951171875,137.47000122070312,122.02999877929688
432.69000244140625,138.35000610351562,122.12000274658203
430.1199951171875,137.13999938964844,123.29000091552734
424.4599914550781,134.8300018310547,123.52999877929688
422.55999755859375,132.8000030517578,121.94000244140625
422.5400085449219,131.35000610351562,121.62000274658203
400.0100098,133.11000061035156,123.62000274658203
375.4100036621094,132.47999572753906,123.9000015258789
377.1400146484375,133.5,124.66999816894531
373.29998779296875,133.69000244140625,124.5999984741211
378.9899902,132.6699981689453,125.30999755859375
372.2799987792969,134.10000610351562,125.87999725341797
373.42999267578125,134.14999389648438,125.27999877929688
376.1600036621094,133.00999450683594,124.69000244140625
372.70001220703125,134.05999755859375,125.86000061035156
362.1700134277344,129.77000427246094,123.08999633789062
370.4599914550781,131.3800048828125,122.88999938964844
370.3800048828125,131.83999633789062,124.12999725341797
374.2099914550781,131.1999969482422,122.79000091552734
374.44000244140625,132.3699951171875,123.0199966430664
381.4200134277344,135.49000549316406,123.18000030517578
391.5400085449219,140.25,124.94000244140625
390.75,140.19000244140625,124.93000030517578
384.7399902,139.25999450683594,123.88999938964844
395.8599853515625,140.1300048828125,124.80000305175781
391.92999267578125,140.36000061035156,126.41999816894531
374.5199890136719,139.82000732421875,126.68000030517578
369.0400085449219,136.35000610351562,125.54000091552734
364.94000244140625,137.52999877929688,125.48999786376953
370.1600036621094,138.8699951171875,125.98999786376953
379.6400146484375,141.1999969482422,119.76000213623047
375.4599914550781,140.25,120.13999938964844
381.7200012207031,142.02999877929688,121.16999816894531
377.5199890136719,142.74000549316406,120.2699966430664
380.07000732421875,143.36000061035156,119.86000061035156
375.1700134277344,142.3800048828125,121.9000015258789
374.0199890136719,142.02999877929688,122.0199966430664
375.4599914550781,137.72999572753906,118.27999877929688
382.79998779296875,136.1300048828125,117.9000015258789
380.7900085449219,139.02999877929688,117.0999984741211
379.04998779296875,139.02000427246094,117.72000122070312
377.69000244140625,139.4199981689453,120.05999755859375
376.79998779296875,138.14999389648438,117.80999755859375
375.79998779296875,135.1699981689453,116.37999725341797
376.4599914550781,139.05999755859375,117.2699966430664
371.6000061035156,136.75999450683594,118.4000015258789
357.2300109863281,133.6699981689453,118.2699966430664
359.75,131.9499969482422,117.5
354.1300048828125,131.1999969482422,121.19000244140625
354.6700134277344,131.33999633789062,121.98999786376953
337.3699951171875,125.30000305175781,120.44000244140625
343.0400085449219,127.47000122070312,121.63999938964844
345.6400146484375,127.30000305175781,122.13999938964844
353.80999755859375,126.61000061035156,120.80000305175781
355.0199890136719,122.76000213623047,120.5199966430664
352.7900085449219,122.43000030517578,120.83999633789062
358.75,124.94999694824219,121.33999633789062
352.7799987792969,123.55999755859375,120.56999969482422
350.54998779296875,122.26000213623047,117.87000274658203
354.8999938964844,122.9000015258789,118.70999908447266
354.8800048828125,121.58999633789062,118.30999755859375
348.79998779296875,121.4800033569336,116.7699966430664
349.8699951171875,121.83999633789062,115.37999725341797
341.6099853515625,119.80999755859375,113.8499984741211
338.8900146484375,120.6500015258789,115.98999786376953
344.6199951171875,122.08000183105469,117.30000305175781
348.75,123.12000274658203,117.6500015258789
350.6400146484375,123.38999938964844,120.68000030517578
353.70001220703125,124.45999908447266,121.4800033569336
353.79998779296875,125.73999786376953,122.29000091552734
349.3299865722656,127.27999877929688,121.16999816894531
347.0299987792969,127.0999984741211,120.19000244140625
348.8599853515625,127.16999816894531,120.91000366210938
347.1600036621094,127.2300033569336,120.80999755859375
354.8999938964844,127.31999969482422,121.38999938964844
373.9599914550781,130.3300018310547,122.93000030517578
368.55999755859375,130.61000061035156,122.88999938964844
374.8800048828125,133.6300048828125,124.27999877929688
371.8399963378906,133.88999938964844,124.93000030517578
373.9899902,134.3699951171875,124.91000366210938
369.32000732421875,133.7100067138672,123.63999938964844
374.94000244140625,135.14999389648438,123.93000030517578
364.0199890136719,135.5,123.11000061035156
364.0100098,136.2899932861328,124.44000244140625
356.4599914550781,136.60000610351562,124.83999633789062
354.1600036621094,135.85000610351562,122.93000030517578
354.4700012207031,135.58999633789062,123.3499984741211
355.8599853515625,135.49000549316406,123.54000091552734
351.1199951171875,134.83999633789062,123.5999984741211
353.0899963378906,134.2899932861328,123.3499984741211
352.29998779296875,132.63999938964844,125.44000244140625
359,133.9600067138672,125.43000030517578
365.3299865722656,138.36000061035156,125.9800033569336
361.6099853515625,139.63999938964844,125.72000122070312
362.75,139.08999633789062,124.76000213623047
369.5199890136719,135.72999572753906,124.13999938964844
361.1099853515625,134.88999938964844,124.68000030517578
377.3599853515625,136.22999572753906,125.04000091552734
373.4200134277344,135.24000549316406,125.30999755859375
373.07000732421875,138.10000610351562,125.81999969482422
361.42999267578125,131.91000366210938,126.54000091552734
348.0899963378906,134.7100067138672,125.62999725341797
345,132.9199981689453,123.72000122070312
340.2099914550781,134.4600067138672,124.2300033569336
347.4599914550781,132.9499969482422,124.33999633789062
341.17999267578125,131.6699981689453,123.11000061035156
334.2900085449219,126.79000091552734,120.73999786376953
339.55999755859375,124.54000091552734,120.7300033569336
331.05999755859375,121.6500015258789,118.73999786376953
332.45001220703125,122.08000183105469,119.37999725341797
331.3800048828125,120.77999877929688,119.0999984741211
336.3500061035156,122.0199966430664,123.2300033569336
337.54998779296875,119.37999725341797,122.41999816894531
332.94000244140625,116.72000122070312,121.55000305175781
332.8599853515625,119.01000213623047,122.38999938964844
320.4200134277344,115.20999908447266,117.73999786376953
328,115.25,116.94999694824219
330.45001220703125,116.43000030517578,115.80999755859375
333.7799987792969,117.36000061035156,117.30999755859375
331.75,116.66999816894531,116.12999725341797
339.9899902,117.68000030517578,117.87999725341797
354.4100036621094,117.88999938964844,117.7300033569336
356.0100098,114.05999755859375,115.18000030517578
359.0400085449219,114.41999816894531,115.73999786376953
354.7300109863281,113.37999725341797,115.83000183105469
359.9700012207031,114.86000061035156,116.83000183105469
362.7399902,117.7699966430664,117.5199966430664
364.0899963378906,119,117.72000122070312
354.4200134277344,117.02999877929688,116.2699966430664
356.5299987792969,119.0999984741211,117.25
360.29998779296875,122.98999786376953,117.63999938964844
363,122.69999694824219,118.26000213623047
358.7799987792969,127.25,119.38999938964844
369.4899902,130.2899932861328,121.8499984741211
382.94000244140625,133.08999633789062,121.27999877929688
375.6300048828125,131.75,121.41999816894531
379.7600098,133.77999877929688,121.5
378.8500061035156,133.14999389648438,124.12000274658203
384.20001220703125,132.1699981689453,123.88999938964844
386.4100036621094,131.07000732421875,124.18000030517578
384.44000244140625,130.1199951171875,123.66000366210938
379.3900146484375,128.16000366210938,124.31999969482422
377.0299987792969,128.4199981689453,124.9000015258789
381.6499938964844,125.98999786376953,123.73999786376953
386.20001220703125,126.61000061035156,123.51000213623047
386.8900146484375,126.38999938964844,120.16000366210938
382.8599853515625,126.58999633789062,118.5999984741211
380.4700012207031,126.30999755859375,118.5999984741211
374.94000244140625,122.37000274658203,116.01000213623047
367.3599853515625,119.95999908447266,112.29000091552734
372.07000732421875,120.04000091552734,113.1500015258789
375.70001220703125,121.04000091552734,113.8499984741211
376.5400085449219,120.25,113.26000213623047
374.1000061035156,117.97000122070312,111.70999908447266
374.9599914550781,119.44000244140625,113.13999938964844
371,122.69000244140625,114.58999633789062
374.9200134277344,128.39999389648438,116.1500015258789
373.17999267578125,128.3800048828125,116.18000030517578
370.9599914550781,131.02999877929688,116.30999755859375
372.42999267578125,130.19000244140625,115.11000061035156
369.05999755859375,132.07000732421875,115.3499984741211
344,130.7100067138672,114.73999786376953
331.05999755859375,132.22999572753906,116.61000061035156
337,133.69000244140625,117.80000305175781
340.5,135.33999633789062,117.9800033569336
344.54998779296875,133.85000610351562,117.58000183105469
339.8299865722656,139.72999572753906,118.66999816894531
340.8800048828125,140.05999755859375,118.4800033569336
348.92999267578125,141.3300018310547,118.12999725341797
346.05999755859375,140.33999633789062,116.36000061035156
339.9100036621094,137.8000030517578,116.13999938964844
345.19000244140625,144.49000549316406,116.20999908447266
351.0899963378906,146.9199981689453,121.56999969482422
358.2900085449219,146.3699951171875,121.94000244140625
354.19000244140625,145.49000549316406,119.9000015258789
357.30999755859375,147.00999450683594,121.88999938964844
351,148.16000366210938,120.93000030517578
366.9599914550781,148,120.80999755859375
362.8800048828125,146.33999633789062,120.95999908447266
362.5,144.49000549316406,122.27999877929688
367.44000244140625,143.44000244140625,121.95999908447266
371.67999267578125,145.30999755859375,120.63999938964844
369.4599914550781,143.58999633789062,118.55000305175781
367,143.17999267578125,116.44999694824219
370.9100036621094,141.52000427246094,117.33999633789062
366.44000244140625,143.36000061035156,118.7699966430664
371.3399963378906,143.8800048828125,118.62999725341797
373.1300048828125,146.4199981689453,118.37999725341797
373.5100098,146.08999633789062,117.79000091552734
368,145.69000244140625,118.06999969482422
366.17999267578125,144.72999572753906,117.12999725341797
355.17999267578125,142.9600067138672,116.80000305175781
352.0799865722656,140.05999755859375,115.88999938964844
348.8399963378906,140.1199951171875,116.94000244140625
345.67999267578125,141.0500030517578,116.33000183105469
354.0899963378906,142.72000122070312,118.01000213623047
351.2099914550781,142.8300018310547,117.30000305175781
347.8999938964844,142.8699951171875,117.88999938964844
350,144,116.2300033569336
346.2900085449219,146.77999877929688,118.80999755859375
341.6700134277344,145.52999877929688,117.95999908447266
327,145.36000061035156,119.36000061035156
327,146.3699951171875,118.5999984741211
330.67999267578125,147.1199951171875,118.55000305175781
333.5,145.02000427246094,118.12999725341797
328,147.57000732421875,119.68000030517578
337.54998779296875,148.5,120.33000183105469
333,147.47999572753906,120.33999633789062
329.9200134277344,148.22000122070312,120.5999984741211
330.1400146484375,148.27999877929688,120.30000305175781
326.3999938964844,147.52000427246094,119.8499984741211
325.7600098,147.67999267578125,120.51000213623047
333.32000732421875,150.52999877929688,121.43000030517578
332.7600098,148.44000244140625,121.01000213623047
333.7399902,148.33999633789062,120.5999984741211
337.2799987792969,146.3800048828125,119.05999755859375
331.3699951171875,147.67999267578125,117.69999694824219
336.3399963378906,147.30999755859375,117.51000213623047
329.9200134277344,146.1300048828125,116.44000244140625
330.2200012207031,146.82000732421875,116.66000366210938
332.3500061035156,146.67999267578125,116.30000305175781
329.79998779296875,145.57000732421875,116.12999725341797
332,147.8699951171875,116.88999938964844
324.1499938964844,147.77999877929688,115.58000183105469
313.3699951171875,145.85000610351562,113.30999755859375
309,142.6300048828125,112.9000015258789
317.7900085449219,142.75,113.0999984741211
323.04998779296875,140.3800048828125,111.8499984741211
316.6000061035156,135.72999572753906,110.38999938964844
316.55999755859375,136.74000549316406,111.12000274658203
322.0199890136719,135.77999877929688,110.37000274658203
323.29998779296875,135.3699951171875,111.4000015258789
318.2699890136719,131.35000610351562,107.13999938964844
316,129.77000427246094,106.27999877929688
317.94000244140625,133.50999450683594,106.8499984741211
329.54998779296875,137.44000244140625,110.27999877929688
341.42999267578125,137.25,109.48999786376953
336.75,133.3699951171875,108.94000244140625
344.6700134277344,134.32000732421875,109.79000091552734
344.4200134277344,136.19000244140625,111.20999908447266
347.45001220703125,139.58999633789062,112.04000091552734
342.82000732421875,139.72000122070312,111.66000366210938
340.4899902,137.99000549316406,110.08000183105469
338.8800048828125,136.5800018310547,110.23999786376953
338.29998779296875,136.86000061035156,110.73999786376953
336.2799987792969,136.92999267578125,109.80999755859375
330.3800048828125,137.2100067138672,109.01000213623047
317.8999938964844,132.1699981689453,104.70999908447266
304.1400146484375,129,100.70999908447266
305.5899963378906,128.25,98.04000091552734
287.7600098,123.2699966430664,94.12999725341797
275.1099853515625,124.23999786376953,93.33999633789062
289.2699890136719,127.5999984741211,96.58999633789062
280.6199951171875,124.37999725341797,94.38999938964844
283.1199951171875,127.4000015258789,98.52999877929688
260.3699951171875,121.97000122070312,97.19000244140625
262.3299865722656,121.41000366210938,95.31999969482422
227.1699981689453,104.06999969482422,80.66999816894531
231.00999450683594,106.48999786376953,84.98000336
189.0800018310547,100.69000244140625,83.02999877929688
154.83999633789062,92.26000213623047,76.26000213623047
170.1999969482422,99.63999938964844,83.41999816894531
129.61000061035156,93.41000366210938,69.69999694824219
124.13999938964844,100.19999694824219,70.69000244140625
101.88999938964844,100.12000274658203,55.04999923706055
97.70999908447266,103.01000213623047,57.38999938964844
95.01000213623047,95.5,59.38999938964844
105.62000274658203,91.84999847,54.220001220703125
127.68000030517578,101.33999633789062,66.55000305175781
158.72999572753906,104.66999816894531,69.26999664
180.5500030517578,110.5,76.37999725341797
162,105.44000244140625,68.77999877929688
152.27999877929688,111.70999908447266,71.94999694824219
149.13999938964844,116.04000091552734,72.45999908447266
130.6999969482422,111.3499984741211,68.55999755859375
123.2699966430664,116.73999786376953,76.12000274658203
124.5199966430664,114.66999816894531,75.11000061035156
148.77000427246094,120.43000030517578,80.38999938964844
141.5800018310547,121.91999816894531,80.91999816894531
146.8699951171875,127.4000015258789,85.98000336
151.83999633789062,125.02999877929688,84.30999755859375
147.3300018310547,114.13999938964844,84.91000366210938
141,116.4800033569336,84.61000061035156
145.97999572753906,111.52999877929688,82.48999786376953
134.24000549316406,113.22000122070312,79.98999786376953
154,116.30000305175781,87.16999816894531
143.61000061035156,114.5999984741211,83.56999969482422
136.3300018310547,109.8499984741211,81.63999938964844
134.97000122070312,110.63999938964844,84.44000244140625
137.74000549316406,112.91000366210938,86.80000305175781
128.97999572753906,114.04000091552734,87.01000213623047
128.67999267578125,115.19999694824219,89.70999908447266
131.3000030517578,115.45999908447266,89.91000366210938
139,120.05999755859375,94.62000274658203
141.02000427246094,116.37999725341797,92
133.3699951171875,110.87999725341797,89.44000244140625
131.4600067138672,107.72000122070312,91.44000244140625
125.4000015258789,108.91000366210938,92.88999938964844
121.86000061035156,107.66999816894531,90.05000305175781
128.64999389648438,107.29000091552734,92.63999938964844
133.44000244140625,112.11000061035156,95.47000122070312
128.91000366210938,108.61000061035156,93.37000274658203
125.22000122070312,105,91.09999847
121.5,104.4800033569336,88.69999694824219
122.5199966430664,106.19000244140625,90.05000305175781
120,107.91999816894531,89.16000366210938
135.44000244140625,115.0199966430664,92.55000305175781
130.44000244140625,112.08000183105469,89.62000274658203
133.32000732421875,115.69000244140625,93
139,114.05999755859375,92.04000091552734
137.52999877929688,112.47000122070312,90.27999877929688
144.72999572753906,117.41000366210938,93.30000305175781
149.52000427246094,122.41999816894531,93.90000153
149.82000732421875,120.73999786376953,90.87000274658203
145.85000610351562,120.12999725341797,91.69999694824219
151.38999938964844,120.5,92.79000091552734
153.30999755859375,123.31999969482422,94.69000244140625
173.16000366210938,127.08999633789062,97.18000030517578
184.3000030517578,128.9600067138672,96.27999877929688
205.42999267578125,135.1199951171875,100.80999755859375
230.5,137.72000122070312,103.23999786376953
216.74000549316406,134.19000244140625,101.52999877929688
203.41000366210938,132.44000244140625,97.58000183105469
170,121.55000305175781,89.37000274658203
189.50999450683594,123.1500015258789,92.38999938964844
190.94000244140625,123.61000061035156,91.23000336
197.77000427246094,130.11000061035156,94.02999877929688
192.5399932861328,128.22999572753906,91.54000091552734
192.2899932861328,127.58999633789062,91.94000244140625
187.02000427246094,127.45999908447266,90.62999725341797
188.52000427246094,125.79000091552734,91.58999633789062
187.8800048828125,126.25,91.44000244140625
176.69000244140625,122.05999755859375,87.63999938964844
174.8800048828125,124.70999908447266,89.20999908447266
170.00999450683594,122.38999938964844,86.45999908447266
194.49000549316406,125.25,87.66999816894531
183.3000030517578,126.5,89.23000336
180.32000732421875,126.05999755859375,87.62000274658203
180.80999755859375,127.72000122070312,88.30999755859375
187.91000366210938,129.42999267578125,88.56999969482422
178.8800048828125,127.19999694824219,86.30999755859375
180.0800018310547,128.1300048828125,86.34999847
173.27999877929688,125.7300033569336,82.73999786376953
178.44000244140625,128.00999450683594,85.23000336
175.64999389648438,130.57000732421875,85.40000153
179.9600067138672,136.8800048828125,88.34999847
187.94000244140625,138.36000061035156,88.88999938964844
178.6999969482422,138.55999755859375,88.36000061035156
175.66000366210938,136.89999389648438,87.19000244140625
174.4199981689453,134.6300048828125,85.26999664
178.6300048828125,135.8699951171875,91.38999938964844
179.7899932861328,136.97999572753906,91.04000091552734
176.4499969482422,136.60000610351562,91.01000213623047
173.75999450683594,137.5800018310547,90.12999725341797
170.2100067138672,139.88999938964844,91.04000091552734
170.83999633789062,138.02999877929688,89.11000061035156
166.00999450683594,140.52999877929688,90.06999969482422
161.9499969482422,136.72999572753906,86.26999664
158,132.8800048828125,83.94000244140625
162.27000427246094,131.77999877929688,84.80999755859375
165.07000732421875,131.52000427246094,86.48999786376953
174.27999877929688,134.97000122070312,87.19999694824219
172.1999969482422,134.38999938964844,87.47000122070312
170.02000427246094,134.9199981689453,86.80000305175781
179.41000366210938,142.02000427246094,89.73000336
180.1300048828125,142.52999877929688,89.62000274658203
175.44000244140625,142.57000732421875,90.72000122070312
174.72999572753906,140.6699981689453,89.81999969482422
178.0800018310547,139.9600067138672,90.34999847
172.00999450683594,138.72000122070312,90.76999664
170.22999572753906,138.3699951171875,87.62999725341797
169.27000427246094,138.02000427246094,86.38999938964844
169.5800018310547,137.47999572753906,84.80999755859375
167.5,138.42999267578125,85.08000183105469
178.27000427246094,141.67999267578125,87.19999694824219
174.72999572753906,141.14999389648438,86.12999725341797
171.89999389648438,141.8300018310547,84.77999877929688
174.1999969482422,143.3699951171875,84.91000366210938
175.8000030517578,143.6300048828125,85.62999725341797
171.82000732421875,142.30999755859375,83.93000030517578
172.10000610351562,146.0500030517578,83.08000183105469
174.77999877929688,149.27000427246094,83.19000244140625
168.77000427246094,146.75999450683594,82.27999877929688
171.0500030517578,148.17999267578125,81.93000030517578
161.0800018310547,148.52000427246094,78.97000122070312
160.77999877929688,152.69000244140625,80.02999877929688
157.69000244140625,149.86000061035156,78.15000153
160.22999572753906,153.8300018310547,77.69000244140625
165.35000610351562,153.50999450683594,77.29000091552734
163.49000549316406,148.60000610351562,76.34999847
167.4600067138672,151.11000061035156,78.55999755859375
167.52999877929688,153.8699951171875,78.79000091552734
161.13999938964844,152.38999938964844,78.20999908447266
156.35000610351562,145.3300018310547,76.30000305175781
156.8000030517578,147.14999389648438,75.52999877929688
151.17999267578125,144.3800048828125,71.94999694824219
146.0500030517578,145.13999938964844,71.80000305175781
156.02999877929688,145.91000366210938,71.83000183105469
166.0800018310547,147.67999267578125,73.93000030517578
163.60000610351562,147.41000366210938,71.90000153
165.25999450683594,149.14999389648438,72
167.86000061035156,146.7100067138672,70.41999816894531
168.0800018310547,149.94000244140625,71.19000244140625
171.1999969482422,153.49000549316406,72.69999694824219
159.5399932861328,151.52999877929688,72.30000305175781
164.61000061035156,154.77000427246094,73.77999877929688
168,156.66000366210938,75.22000122070312
167.3300018310547,158.94000244140625,74
167.35000610351562,162.61000061035156,74.51000213623047
162.13999938964844,162.1199951171875,73.40000153
163.24000549316406,163.61000061035156,72.94999694824219
164.24000549316406,165.0399932861328,73.51000213623047
167.35000610351562,168.75,72.88999938964844
167.11000061035156,167.52999877929688,71.27999877929688
167.24000549316406,168.99000549316406,71.68000030517578
163.86000061035156,167.39999389648438,70.87000274658203
169.07000732421875,169.66000366210938,73.40000153
167.36000061035156,168.58999633789062,72.56999969482422
160.8300018310547,163.1999969482422,70.94000244140625
155.24000549316406,157.91000366210938,69.51000213623047
148.13999938964844,151.16000366210938,66.87999725341797
148.2899932861328,154.6699981689453,68.80000305175781
144.38999938964844,157.0500030517578,69.5
148.60000610351562,163.27000427246094,72.15000153
153.64999389648438,167.69000244140625,71.73999786376953
151.6300048828125,155.22999572753906,71.76999664
157.08999633789062,163.08999633789062,72.13999938964844
157.74000549316406,161.2899932861328,71.15000153
179.36000061035156,170.82000732421875,79.40000153
188.69000244140625,172.3000030517578,83.06999969482422
182.14999389648438,169.4600067138672,82.45999908447266
176.72000122070312,169.1300048828125,80.66999816894531
187.11000061035156,171.7100067138672,83.02999877929688
202.39999389648438,173.19000244140625,88.95999908447266
210.0500030517578,171.91000366210938,87.04000091552734
203.3000030517578,172.74000549316406,84.27999877929688
205.6699981689453,172.89999389648438,85.73000336
199.6199951171875,172.22999572753906,85.79000091552734
211.52999877929688,174.77999877929688,91.02999877929688
218.49000549316406,176.89999389648438,95.62000274658203
217.61000061035156,174.6300048828125,92.13999938964844
216.5,175.0800018310547,91.30999755859375
210.7100067138672,173.58999633789062,87.18000030517578
213.00999450683594,173.25999450683594,87.44999694824219
223.85000610351562,173.8699951171875,89.87000274658203
237.1999969482422,174.6300048828125,89.80000305175781
232.7100067138672,182.2100067138672,93.27999877929688
238.1699981689453,178.7100067138672,90.76000213623047
236.57000732421875,178.83999633789062,91.54000091552734
232.05999755859375,180.07000732421875,90.44000244140625
234.42999267578125,178.85000610351562,93.34999847
230.3300018310547,179.2899932861328,92.44999694824219
228.6199951171875,178.0500030517578,89.44000244140625
229.5,181.74000549316406,89.37000274658203
225.8699951171875,179.5,88.69000244140625
221.24000549316406,179.1699981689453,88.41000366210938
219.75,180.9600067138672,87.19000244140625
219.30999755859375,180.16000366210938,86.08999633789062
218.77999877929688,176.5800018310547,84.36000061035156
219.69000244140625,178.4199981689453,85.69000244140625
217.14999389648438,179.55999755859375,85.33000183105469
216.08999633789062,178.3699951171875,84.90000153
216.25,176.64999389648438,84.61000061035156
216.6699981689453,180.0399932861328,85.33000183105469
214.05999755859375,182.02000427246094,84.44999694824219
202.72000122070312,182.14999389648438,84.70999908447266
211.6300048828125,183.63999938964844,87
211.02999877929688,193.86000061035156,89.80000305175781
212.7100067138672,194.22999572753906,90.22000122070312
209.89999389648438,194.25999450683594,91.08000183105469
206.7899932861328,193.86000061035156,91.59999847
208.41000366210938,197.5399932861328,93.33999633789062
207.2100067138672,195.88999938964844,93.25
209.91000366210938,197.39999389648438,95.48999786376953
204.32000732421875,194.6199951171875,92.08999633789062
210.7100067138672,194.05999755859375,94.51000213623047
211.4499969482422,192.33999633789062,95.37999725341797
207.41000366210938,192.19000244140625,92.01000213623047
205.83999633789062,191.94000244140625,91.73000336
203.36000061035156,187.33999633789062,90.90000153
202.05999755859375,187.2100067138672,89.36000061035156
194.02999877929688,180.6300048828125,88.19999694824219
197.22999572753906,184.33999633789062,89.01999664
194.19000244140625,182.83999633789062,85.19999694824219
195.83999633789062,184.72000122070312,86.41000366210938
200.94000244140625,192.5,87.05999755859375
207.38999938964844,191.4499969482422,88.95999908447266
210.63999938964844,191.64999389648438,89
207.92999267578125,193,89.26000213623047
211.9499969482422,197.4499969482422,91.48000336
215.1199951171875,197.27999877929688,90.95999908447266
211.9199981689453,197.72000122070312,92.51999664
210.66000366210938,198.35000610351562,92.01999664
210.97999572753906,197.99000549316406,92.55000305175781
217.17999267578125,202.3800048828125,93.12999725341797
215.52000427246094,202.3000030517578,95.91999816894531
208.47999572753906,199.9199981689453,95
217.47000122070312,209.91000366210938,95.80000305175781
212.8800048828125,218.05999755859375,98.38999938964844
212.1199951171875,220.17999267578125,99.62999725341797
229.33999633789062,222.47000122070312,103.30999755859375
216.4499969482422,221.82000732421875,102.3499984741211
212.00999450683594,215.8800048828125,100
224.38999938964844,219.75999450683594,102.05000305175781
223.13999938964844,215.82000732421875,102.44000244140625
228.55999755859375,214.91000366210938,103.58999633789062
224.7100067138672,212.77000427246094,104.5
223.22000122070312,220.16000366210938,109
224.02999877929688,221.5800018310547,109.75
230.61000061035156,216.8000030517578,109.5
245.33999633789062,221.05999755859375,111.37000274658203
252,219.75999450683594,111.19000244140625
269.19000244140625,229,111.55999755859375
265.6300048828125,230.74000549316406,110.25
255.2100067138672,226.4600067138672,107.63999938964844
263.5899963378906,233.6300048828125,108.02999877929688
256.05999755859375,230.67999267578125,104.12000274658203
255.82000732421875,225.2899932861328,103.37999725341797
251.22999572753906,226.02000427246094,102.54000091552734
241.25,218.25,101.97000122070312
239.24000549316406,221.22999572753906,104.69999694824219
247.19000244140625,224.25,105.06999969482422
244.8699951171875,229.5,107.4800033569336
250.52000427246094,230.22000122070312,106.91999816894531
252.00999450683594,233.0800018310547,105.93000030517578
254.72000122070312,231.8699951171875,104.79000091552734
252.9600067138672,232.74000549316406,105.75
259.3599853515625,233.7100067138672,104.51000213623047
255.1699981689453,230.63999938964844,103.58000183105469
252.5800018310547,230.41000366210938,104.19000244140625
254.9499969482422,230.47999572753906,103.0199966430664
252.36000061035156,230.75,102.91999816894531
249.52000427246094,230.92999267578125,101.77999877929688
253.27000427246094,229.35000610351562,102.23999786376953
252.42999267578125,232.5800018310547,104.2699966430664
251.11000061035156,232.52000427246094,103.41999816894531
248.17999267578125,233.36000061035156,102.95999908447266
244.14999389648438,232.38999938964844,103.26000213623047
234.05999755859375,227.6300048828125,101.33000183105469
235.9199981689453,232.4600067138672,102.7300033569336
234.3300018310547,228.88999938964844,100.94999694824219
238.3800048828125,230.11000061035156,101.55000305175781
241.44000244140625,230.55999755859375,101.5199966430664
242.47000122070312,230.33999633789062,102.69999694824219
235.4600067138672,232.3000030517578,105.22000122070312
235.94000244140625,227.47000122070312,106.9000015258789
234.30999755859375,228.11000061035156,103.06999969482422
235.19000244140625,228.1699981689453,105.52999877929688
233.6300048828125,233.41000366210938,106.11000061035156
228.17999267578125,237.8800048828125,108.95999908447266
229.80999755859375,237.07000732421875,109.0199966430664
235.47000122070312,240.99000549316406,110.0199966430664
232.92999267578125,242.61000061035156,109.56999969482422
228.8800048828125,239.3000030517578,106.69999694824219
220.77999877929688,237.32000732421875,107.37000274658203
222.63999938964844,240.07000732421875,106.68000030517578
228.47000122070312,242.22999572753906,109.47000122070312
227.97999572753906,244.7899932861328,110.80999755859375
227.5500030517578,239.47000122070312,106.18000030517578
224.4199981689453,236.8699951171875,103.19999694824219
227.64999389648438,234.99000549316406,103.55999755859375
234.82000732421875,237.24000549316406,104.12000274658203
237.44000244140625,239.0500030517578,105.5999984741211
240.74000549316406,237.1699981689453,103.87000274658203
241.3699951171875,237.7100067138672,104.12000274658203
250.6999969482422,241.27999877929688,103.01000213623047
247.02000427246094,241.0800018310547,103.79000091552734
254.72999572753906,242.75999450683594,106.6500015258789
255.6199951171875,243.4600067138672,108.08000183105469
250.32000732421875,243.83999633789062,107.58999633789062
249.9199981689453,244.02000427246094,108.44999694824219
252.66000366210938,239.75999450683594,107.75
252.75999450683594,240.16000366210938,108.7300033569336
248.05999755859375,234.64999389648438,107.77999877929688
248.33999633789062,225.72999572753906,108.41000366210938
247.27999877929688,220.6999969482422,107.91000366210938
245.13999938964844,219.00999450683594,107.97000122070312
246.5399932861328,219.4600067138672,110.30000305175781
242.27000427246094,217.16000366210938,109.66999816894531
239.22000122070312,209.4499969482422,107.06999969482422
237.35000610351562,208.86000061035156,103.02999877929688
245.27999877929688,213.2100067138672,106.05000305175781
243.77999877929688,213.1300048828125,106.4000015258789
243.57000732421875,213.7899932861328,106.2699966430664
250.57000732421875,219.33999633789062,107.13999938964844
248.3800048828125,216.30999755859375,107.30000305175781
239.9600067138672,216.27000427246094,103.98999786376953
235.75999450683594,215.10000610351562,103.76000213623047
239.55999755859375,217.6300048828125,104.73999786376953
239.72999572753906,216.7100067138672,106.20999908447266
236.67999267578125,217.75999450683594,106.06999969482422
236.13999938964844,213.52000427246094,103.98999786376953
231.77999877929688,214.69000244140625,102.93000030517578
236.77000427246094,212.11000061035156,102.5999984741211
239.58999633789062,217.4199981689453,104.06999969482422
238.2899932861328,218.5800018310547,104.27999877929688
228.1999969482422,215.19000244140625,103.93000030517578
224.4499969482422,211.63999938964844,101.97000122070312
222.75999450683594,211.41000366210938,101.30000305175781
217.74000549316406,207.9499969482422,98.62000274658203
206.99000549316406,203.0800018310547,95.95999908447266
217.14999389648438,207.9600067138672,96.52999877929688
222.5399932861328,210.72999572753906,99.81999969482422
220.8699951171875,209.16000366210938,98.81999969482422
221.52000427246094,209.52999877929688,98.86000061035156
225.85000610351562,211.02999877929688,100.94999694824219
222.27000427246094,209.89999389648438,100.61000061035156
231.57000732421875,211.44000244140625,101.18000030517578
231.6300048828125,212.55999755859375,102.56999969482422
226.47999572753906,206.75,101.80999755859375
225.33999633789062,205.16000366210938,101.62999725341797
229.08999633789062,208.5,102.5999984741211
226.6300048828125,204.52000427246094,100.30000305175781
229.94000244140625,207.19000244140625,101.2300033569336
231.3300018310547,208.35000610351562,101.94999694824219
232.27000427246094,208.88999938964844,100.25
235.77999877929688,214.07000732421875,102.08000183105469
239.49000549316406,221.66000366210938,102.8499984741211
238.17999267578125,220.24000549316406,102.63999938964844
234.4600067138672,218.57000732421875,101.95999908447266
229.05999755859375,217.7100067138672,100.91999816894531
222.22000122070312,213.44000244140625,100.7300033569336
219,209.80999755859375,96.69999694824219
212.16000366210938,204.4499969482422,94.29000091552734
212.6699981689453,204.94000244140625,94.30000305175781
219.39999389648438,209.13999938964844,96.73000336
221.42999267578125,212.58999633789062,97.83999633789062
221.02999877929688,214.75999450683594,98.51000213623047
216.5,211.24000549316406,97.22000122070312
221.75,212.8300018310547,98.63999938964844
217.66000366210938,211.4499969482422,98.38999938964844
219.5,210.8699951171875,96.76999664
218.1199951171875,207.9600067138672,95.70999908447266
220.8300018310547,211.77999877929688,97.70999908447266
218.1699981689453,210.3699951171875,97.48999786376953
214.24000549316406,208.22999572753906,97.05999755859375
211.3800048828125,206.77000427246094,96.38999938964844
213.94000244140625,205.4199981689453,96
210.3000030517578,205.00999450683594,96.06999969482422
214.47999572753906,206.1999969482422,97.97000122070312
211.57000732421875,202.3300018310547,96.19999694824219
214.22000122070312,205.72999572753906,98.23999786376953
213.36000061035156,203.60000610351562,97.31999969482422
213.36000061035156,199.75,96.76000213623047
209.5,190.82000732421875,94.77999877929688
208.50999450683594,189.83999633789062,94.84999847
216.97999572753906,191.35000610351562,97.63999938964844
221.10000610351562,196.6199951171875,100.05999755859375
221.38999938964844,196.82000732421875,100.5999984741211
224.16000366210938,200,102.97000122070312
218.41000366210938,200.5500030517578,103.36000061035156
225.36000061035156,197.8699951171875,103.33000183105469
219.94000244140625,191.97000122070312,101.44999694824219
226,194.3300018310547,104.33000183105469
223.7899932861328,193.1300048828125,104.72000122070312
224.4199981689453,192.5,105.86000061035156
224.99000549316406,191.86000061035156,104.93000030517578
226.47999572753906,195.75,105.68000030517578
226.38999938964844,195.16000366210938,108.05000305175781
226.4499969482422,192.88999938964844,107.12999725341797
223.57000732421875,189.9199981689453,107.1500015258789
221.77999877929688,188.94000244140625,107.79000091552734
217.44000244140625,194.3300018310547,108.80999755859375
217.0399932861328,199.02000427246094,109.61000061035156
216.97999572753906,198.17999267578125,109.55999755859375
215.97000122070312,201.13999938964844,111.69999694824219
216.1699981689453,204.19000244140625,113.16000366210938
214.33999633789062,202.13999938964844,111.73999786376953
212.97000122070312,200.64999389648438,112.80000305175781
212.8699951171875,202.2100067138672,113.8499984741211
209.80999755859375,199.63999938964844,114.0999984741211
206.61000061035156,196.1300048828125,112.06999969482422
207.85000610351562,204.08999633789062,113.12000274658203
207.02999877929688,204.00999450683594,114.48999786376953
214.5800018310547,205.3800048828125,114.52999877929688
212.77000427246094,207.1199951171875,113.83000183105469
213.3800048828125,203.5500030517578,113.01000213623047
213.02999877929688,203.58999633789062,113.51000213623047
224.4600067138672,205.8800048828125,114.73999786376953
222.67999267578125,214.25,115.1500015258789
220.7899932861328,209.80999755859375,116
218.5,206.6699981689453,114.1500015258789
219.3800048828125,208.52999877929688,114.16000366210938
220.9600067138672,209.27000427246094,114.2300033569336
233.08999633789062,207.7100067138672,116.81999969482422
225.8000030517578,205.42999267578125,117.27999877929688
226.6199951171875,202.97999572753906,115.41999816894531
227.25,201.4199981689453,114.44999694824219
214.1300048828125,200.44000244140625,111.91000366210938
209.89999389648438,202.3800048828125,113.91000366210938
209.1300048828125,205.3300018310547,116.30000305175781
210.60000610351562,207.07000732421875,117.19000244140625
199.2100067138672,198.72999572753906,114.51000213623047
198.5,195.9199981689453,114.8499984741211
197.85000610351562,193.35000610351562,112.87000274658203
188.19000244140625,191.47000122070312,112.0999984741211
202.3800048828125,196.7899932861328,115.13999938964844
198.49000549316406,197.8000030517578,114.41000366210938
205.8800048828125,201.27999877929688,116.19999694824219
208.8300018310547,204.49000549316406,117.91999816894531
211.02999877929688,204.19000244140625,118.44999694824219
207.55999755859375,204.1300048828125,118.13999938964844
205.05999755859375,203.4600067138672,118.33999633789062
197.39999389648438,201.25,115.87999725341797
195.5,201.63999938964844,116.22000122070312
195.42999267578125,202.5500030517578,115.55999755859375
190.7899932861328,206.1699981689453,116.63999938964844
192.6300048828125,201.3699951171875,113.5999984741211
188.47999572753906,195.4600067138672,113.6500015258789
199.52000427246094,198.30999755859375,115.47000122070312
201.69000244140625,202.14999389648438,116.12999725341797
204.22000122070312,206.1999969482422,116.41000366210938
203.1699981689453,206.3800048828125,118.79000091552734
206.1300048828125,206.6199951171875,118.55999755859375
203.66000366210938,207.3300018310547,117.94999694824219
202.7100067138672,206.0800018310547,117.43000030517578
201.32000732421875,206.74000549316406,117.3499984741211
207.86000061035156,207,119.26000213623047
213.6300048828125,218.0800018310547,121.43000030517578
213.07000732421875,219.75,122.22000122070312
211.33999633789062,221.99000549316406,123.26000213623047
215.5,224.19000244140625,125.02999877929688
209.30999755859375,221.63999938964844,125.11000061035156
216.02000427246094,219.9499969482422,127.97000122070312
217.4499969482422,222.39999389648438,127.33000183105469
223.89999389648438,227,126.80000305175781
225.9600067138672,228.94000244140625,128.9600067138672
225.00999450683594,229.8699951171875,129.3800048828125
217.0800018310547,221.66000366210938,128.91000366210938
214.19000244140625,216.6300048828125,128.4499969482422
205.44000244140625,214.08999633789062,126.91000366210938
204.1999969482422,214.3300018310547,127.18000030517578
204.10000610351562,214.30999755859375,132.58999633789062
194.27000427246094,214.2899932861328,132.69000244140625
189.75,212.1699981689453,135.3699951171875
190.57000732421875,201.16000366210938,130.61000061035156
200.24000549316406,201.55999755859375,131.3300018310547
208.33999633789062,205.35000610351562,134.7899932861328
207.52000427246094,204.94000244140625,135.41000366210938
206.38999938964844,200.58999633789062,134.1999969482422
206.4499969482422,198.41000366210938,135.8800048828125
211.9199981689453,199.82000732421875,138.5500030517578
213.27000427246094,201.5,136.44000244140625
215.86000061035156,203.60000610351562,137.7899932861328
218.75,203.07000732421875,136.0399932861328
212.3000030517578,201.24000549316406,138.80999755859375
210.0399932861328,199.88999938964844,136.6699981689453
217.72999572753906,203.41000366210938,134.25999450683594
218.92999267578125,203.63999938964844,134.3000030517578
213.5800018310547,194.74000549316406,133.61000061035156
209.02999877929688,191.9499969482422,133.4199981689453
198.74000549316406,191.2100067138672,132.39999389648438
196.4199981689453,186.6699981689453,135.5500030517578
198.42999267578125,184.69000244140625,134.85000610351562
201.47999572753906,187.05999755859375,140.3800048828125
205.33999633789062,187.5800018310547,144
194.91000366210938,182.8300018310547,149.72000122070312
197.80999755859375,192.61000061035156,154.13999938964844
188.85000610351562,194.85000610351562,156.22000122070312
180.83999633789062,195.66000366210938,158.64999389648438
169.1699981689453,196.6999969482422,162.0399932861328
173.8000030517578,210,170.52999877929688
178.55999755859375,209.77999877929688,166.27000427246094
178.38999938964844,211.7899932861328,170.82000732421875
176.22999572753906,214.8300018310547,170.89999389648438
175.52000427246094,215.44000244140625,166.72000122070312
179.88999938964844,216.4600067138672,158.27999877929688
188.99000549316406,216.0800018310547,157.7100067138672
190.19000244140625,221.6999969482422,160.44000244140625
192.8300018310547,220.91000366210938,161.72999572753906
185.89999389648438,223.7100067138672,164.63999938964844
191.0399932861328,222.7100067138672,164.08999633789062
186.0399932861328,222.1699981689453,165.86000061035156
189.0500030517578,222.2100067138672,166.3000030517578
188.9499969482422,223.36000061035156,169.30999755859375
188.16000366210938,221.85000610351562,166.35000610351562
193.8000030517578,221.0399932861328,164.32000732421875
194.91000366210938,223.0800018310547,165.47999572753906
191.5,222.82000732421875,162.8300018310547
190.75999450683594,219.77000427246094,164.22000122070312
191.17999267578125,220.80999755859375,164.3699951171875
182.64999389648438,216.02000427246094,163.36000061035156
178.72000122070312,216.2100067138672,164.80999755859375
177.97000122070312,215.89999389648438,167.10000610351562
175.1999969482422,217.02999877929688,169.92999267578125
175.02999877929688,216.0500030517578,165.55999755859375
176.27999877929688,216.6999969482422,169.00999450683594
182.8699951171875,218.27000427246094,171.6699981689453
181.94000244140625,227.80999755859375,171.58999633789062
179.85000610351562,229.9199981689453,173.88999938964844
185.97999572753906,232.16000366210938,171.8300018310547
183.5500030517578,235.0800018310547,172.52999877929688
181.02000427246094,232.57000732421875,164.5800018310547
176.9199981689453,216.3000030517578,160.9499969482422
175.91000366210938,216.6999969482422,157.49000549316406
167.0399932861328,210.3000030517578,156.52999877929688
154.4600067138672,213.9600067138672,156.24000549316406
154.22000122070312,212.44000244140625,161.7899932861328
148.83999633789062,210.5399932861328,156.6699981689453
148.61000061035156,212.07000732421875,159.75
153.5800018310547,213.6199951171875,162.49000549316406
156.97000122070312,222.58999633789062,167.58999633789062
150.47000122070312,215.92999267578125,166.25999450683594
148.89999389648438,214.64999389648438,170.69000244140625
133.30999755859375,206.2899932861328,159.25
132.9499969482422,202.99000549316406,160.77999877929688
129.38999938964844,205.2100067138672,163.16000366210938
123.13999938964844,203.02999877929688,164.7100067138672
127.19999694824219,204.3300018310547,167.8699951171875
124.05000305175781,207.19000244140625,173.00999450683594
132.0500030517578,213.08999633789062,174.02999877929688
125.5199966430664,207.94000244140625,168.05999755859375
127.13999938964844,206.75999450683594,166.86000061035156
120.69999694824219,197.82000732421875,167.82000732421875
124.06999969482422,204.14999389648438,171.72000122070312
119.4000015258789,205.64999389648438,172.63999938964844
122.05999755859375,209.30999755859375,175.41000366210938
127.7300033569336,212.99000549316406,176.58999633789062
132.22999572753906,217.13999938964844,178.27999877929688
131.39999389648438,215.85000610351562,174.66000366210938
130.64999389648438,217.57000732421875,176.32000732421875
140.5,220,176
139.25,222.89999389648438,177.60000610351562
139.24000549316406,223.6300048828125,176.8300018310547
140.82000732421875,227.10000610351562,180.1999969482422
139.6300048828125,229.8000030517578,181.1300048828125
133.72999572753906,223.6699981689453,177.52000427246094
127,215.17999267578125,175.39999389648438
115.86000061035156,206.8800048828125,167.3300018310547
122.16000366210938,206.69000244140625,167.5500030517578
133.72000122070312,206,164.25999450683594
133.36000061035156,194.7899932861328,155.47999572753906
136.8000030517578,192.63999938964844,148.3800048828125
136.75,196.3699951171875,154.58999633789062
137.16000366210938,187.8300018310547,147.8699951171875
133.97000122070312,178.6699981689453,142.42999267578125
141.52999877929688,185.49000549316406,144.77000427246094
138.72000122070312,187.58999633789062,147.57000732421875
138.6999969482422,187.44000244140625,149.94000244140625
138.4499969482422,183.47999572753906,146.97999572753906
136.72000122070312,178.75999450683594,144.77999877929688
139.83999633789062,178.2899932861328,146.50999450683594
137.6999969482422,173.75999450683594,142.66000366210938
136.30999755859375,172.30999755859375,140.77999877929688
139.97000122070312,180.27999877929688,143.52000427246094
139.07000732421875,179.10000610351562,142.77000427246094
136.99000549316406,175.02000427246094,141.50999450683594
147.14999389648438,174.49000549316406,138.9199981689453
143.9499969482422,173.8699951171875,137.99000549316406
147.14999389648438,169.94000244140625,135.94000244140625
147.74000549316406,173.3800048828125,137.64999389648438
147.72000122070312,173.49000549316406,139.5800018310547
156.1300048828125,179.49000549316406,144.61000061035156
158.3800048828125,179.97000122070312,146.52000427246094
161.41000366210938,180.99000549316406,145.39999389648438
158.16000366210938,178.6199951171875,144.19000244140625
156.63999938964844,181.80999755859375,148.47999572753906
155.9199981689453,181.22999572753906,147.32000732421875
156.08999633789062,185.25,149.25999450683594
159.08999633789062,187.83999633789062,150.38999938964844
159.30999755859375,198.25,163.77999877929688
169.07000732421875,194.86000061035156,160.50999450683594
163.27999877929688,183.50999450683594,159.13999938964844
166.63999938964844,182.8699951171875,155.36000061035156
166.5,183.63999938964844,151.13999938964844
165.0399932861328,185.38999938964844,153.63999938964844
165.88999938964844,185.80999755859375,153.41000366210938
164.85000610351562,186.02999877929688,155.41000366210938
169.02000427246094,190.72000122070312,155.82000732421875
167.8800048828125,194,159.6199951171875
169.99000549316406,196.83999633789062,159.85000610351562
170.47000122070312,195.9499969482422,156.80999755859375
172.0800018310547,197.52000427246094,156.41000366210938
167.1999969482422,195.92999267578125,157.6999969482422
168.69000244140625,197.35000610351562,159.02000427246094
162.9199981689453,195.60000610351562,157.69000244140625
158.97999572753906,191.75999450683594,156.89999389648438
160.07000732421875,197.2100067138672,161.99000549316406
163.60000610351562,194.16000366210938,163.19000244140625
169.3800048828125,198.8800048828125,164.6199951171875
164.52999877929688,191.9199981689453,163.41000366210938
165.4199981689453,191.77999877929688,164.6300048828125
162.2100067138672,186.94000244140625,160.6199951171875
160.25,184.7100067138672,158.05999755859375
153.66000366210938,182.44000244140625,155.5399932861328
151.82000732421875,180.8300018310547,157.85000610351562
152.38999938964844,180.66000366210938,157.1199951171875
155.9499969482422,180.86000061035156,155.11000061035156
157.7899932861328,183.14999389648438,155.9499969482422
157.52000427246094,189.49000549316406,159.97000122070312
158.72000122070312,192.39999389648438,162.5
147.30999755859375,184.30999755859375,159.41000366210938
149.25999450683594,184.64999389648438,163.27000427246094
149.77999877929688,182.49000549316406,160.6199951171875
144.2899932861328,179.47000122070312,156.4499969482422
144.8800048828125,182.11000061035156,156.89999389648438
145.94000244140625,177.99000549316406,156.27999877929688
143.2899932861328,171.9499969482422,155.00999450683594
138.7100067138672,170.5500030517578,154.88999938964844
131.25999450683594,164.24000549316406,144.77000427246094
127.33999633789062,162.6199951171875,140.9600067138672
127.51000213623047,162.44000244140625,141.02000427246094
133.44000244140625,167.75999450683594,145.77999877929688
125.33000183105469,165.89999389648438,144.77000427246094
121.08000183105469,164.0800018310547,143.6699981689453
126.05000305175781,171.22999572753906,151.72999572753906
133.50999450683594,179.6300048828125,157.6300048828125
132.11000061035156,178.3800048828125,158.52999877929688
132.1999969482422,178.80999755859375,161.4199981689453
129.7899932861328,177.5500030517578,160.02999877929688
131.89999389648438,178.6699981689453,157.13999938964844
131.57000732421875,179.75,157.1699981689453
130.4199981689453,179.5,157.63999938964844
132.39999389648438,183.13999938964844,165.27999877929688
133.14999389648438,178.19000244140625,160.13999938964844
136.08999633789062,180.8000030517578,161.30999755859375
137.33999633789062,183.5500030517578,162.72000122070312
138.38999938964844,184.41000366210938,168
139.1300048828125,180.5399932861328,168.9600067138672
141.32000732421875,190.22000122070312,173.19000244140625
142.0500030517578,191.3000030517578,173.1300048828125
146.64999389648438,194.83999633789062,174.92999267578125
133.7899932861328,196.9600067138672,177.08999633789062
139.75999450683594,212.13999938964844,177.89999389648438
143.83999633789062,219.33999633789062,179.97999572753906
142.50999450683594,216.4600067138672,180.89999389648438
143.3800048828125,218.5,182.22000122070312
147.41000366210938,214.5399932861328,178.5
156.75,219.25999450683594,181.1300048828125
160.00999450683594,227.85000610351562,183.4199981689453
164.91000366210938,228.61000061035156,185.61000061035156
169.6199951171875,229.80999755859375,185.33999633789062
168.74000549316406,225.5399932861328,177.92999267578125
177.5800018310547,232.4499969482422,181.3000030517578
177.49000549316406,236.49000549316406,186.4600067138672
173.5500030517578,236.5,186.5500030517578
175.35000610351562,234.58999633789062,188.0500030517578
172.69000244140625,232.4199981689453,184.99000549316406
172.77999877929688,230.44000244140625,184.08999633789062
173.88999938964844,231.42999267578125,182.99000549316406
172.94000244140625,232.1699981689453,181.24000549316406
172.5,237.25999450683594,185.88999938964844
174.85000610351562,236.9199981689453,184.24000549316406
178.36000061035156,235.6999969482422,183.6999969482422
171.8300018310547,232.3000030517578,178.36000061035156
175.32000732421875,235.1199951171875,181.02999877929688
178.8800048828125,236.41000366210938,183.30999755859375
175.77999877929688,235.69000244140625,182.49000549316406
182.8699951171875,236.1300048828125,181.02999877929688
185.10000610351562,232.57000732421875,176.55999755859375
178.42999267578125,228.2899932861328,172.00999450683594
176.5,228.97999572753906,172.52000427246094
179.0800018310547,230.9199981689453,173.5399932861328
179.5399932861328,227.2899932861328,168
186.27000427246094,233.05999755859375,169.75
187.1300048828125,235.49000549316406,173.52999877929688
188.25,234.47999572753906,172.3300018310547
183.72000122070312,230.66000366210938,171.0399932861328
184.6999969482422,232.72000122070312,168.72000122070312
185.67999267578125,232.2899932861328,169.8800048828125
188.2899932861328,235.13999938964844,172.6699981689453
196,241.72999572753906,174.6999969482422
188.25,237.5399932861328,172.0800018310547
189.05999755859375,239.8699951171875,177.39999389648438
189.39999389648438,243.13999938964844,179.6300048828125
188.3800048828125,239.3800048828125,176.97999572753906
188.91000366210938,240.1999969482422,178.32000732421875
190.49000549316406,239.55999755859375,179.49000549316406
195.38999938964844,238.8800048828125,173.99000549316406
203.63999938964844,241.36000061035156,172.13999938964844
204.99000549316406,240.27999877929688,175.24000549316406
213,248.86000061035156,176.55999755859375
208.57000732421875,246.6199951171875,175.17999267578125
206.69000244140625,250.50999450683594,176.0399932861328
208.02999877929688,250.72999572753906,175.1999969482422
214.32000732421875,255.07000732421875,177.0800018310547
214.1300048828125,258.4599914550781,177.55999755859375
211.41000366210938,256.2600098,180.49000549316406
209.41000366210938,252.82000732421875,177.22999572753906
207.08999633789062,245.75,179
206.75999450683594,249.7100067138672,180.89999389648438
209.97000122070312,252.6999969482422,180.66000366210938
211.97999572753906,257.6099853515625,180.8300018310547
212.67999267578125,258.44000244140625,179.0800018310547
212.72999572753906,262.1199951171875,187.7899932861328
211.1699981689453,264.5400085449219,179.4499969482422
209.6699981689453,261.5,174.1999969482422
213,252.2899932861328,174.02000427246094
214.75,249.5399932861328,171.36000061035156
209.33999633789062,244.89999389648438,169.00999450683594
206.00999450683594,247.75999450683594,169.4499969482422
206.80999755859375,251.4199981689453,169.63999938964844
214.75999450683594,249.66000366210938,174.08999633789062
213.5,248.8699951171875,170
211.99000549316406,246.27999877929688,168.44000244140625
212.88999938964844,247.6699981689453,171.97000122070312
215.64999389648438,248.14999389648438,171.00999450683594
218.4499969482422,244.36000061035156,172.32000732421875
217.44000244140625,248.6999969482422,169.00999450683594
212.2100067138672,246.52000427246094,166.57000732421875
211.66000366210938,247.7899932861328,162.85000610351562
205.52000427246094,240.7100067138672,161
205.75999450683594,237.88999938964844,160.35000610351562
208.1300048828125,237.9499969482422,161.92999267578125
198.14999389648438,236.1699981689453,162.41000366210938
200.4600067138672,239.97999572753906,162.82000732421875
201.5500030517578,239.5500030517578,160.77000427246094
204.5500030517578,248.6699981689453,162.0500030517578
210.05999755859375,252.17999267578125,162.55999755859375
215.11000061035156,255.30999755859375,164.9600067138672
211.9199981689453,253.97999572753906,166.1699981689453
207.9199981689453,246.13999938964844,164.02999877929688
207.1999969482422,248.72000122070312,162.99000549316406
201.24000549316406,240.9600067138672,160.50999450683594
203.07000732421875,227.00999450683594,159.6699981689453
203.3699951171875,224.6999969482422,158.7100067138672
207.27999877929688,225.6699981689453,160.75999450683594
198.2100067138672,217.25999450683594,153.8000030517578
203.19000244140625,218.7100067138672,154.2899932861328
201.0500030517578,215.00999450683594,152.33999633789062
204.77000427246094,220.30999755859375,154.5800018310547
204.6999969482422,224.9199981689453,159.30999755859375
196.16000366210938,219.9499969482422,156.07000732421875
197.89999389648438,219.44000244140625,154.52000427246094
197.52999877929688,217.00999450683594,156.05999755859375
200.57000732421875,218,157.64999389648438
204.9600067138672,220.16000366210938,159.49000549316406
207.97000122070312,223,160.86000061035156
211.0399932861328,224.5399932861328,162.38999938964844
212.42999267578125,228.83999633789062,163.16000366210938
215.38999938964844,229.8699951171875,169.9499969482422
213.89999389648438,217.4499969482422,169.0399932861328
210,213.52999877929688,169.8800048828125
211.3699951171875,209.1699981689453,167.64999389648438
210.77999877929688,215.52999877929688,168.2899932861328
212.32000732421875,220.60000610351562,169.22000122070312
212.33999633789062,220.5,169.82000732421875
213.58999633789062,221.6699981689453,172.08999633789062
201.7100067138672,223.67999267578125,172.44000244140625
205.02999877929688,225.24000549316406,170.9199981689453
208.3699951171875,225.1999969482422,170.52000427246094
208.7100067138672,224.64999389648438,170.67999267578125
207.22999572753906,222.27000427246094,169.85000610351562
205.14999389648438,220.27000427246094,169.1199951171875
205.77000427246094,223.42999267578125,171.47999572753906
202.19000244140625,218.6300048828125,168.99000549316406
203.02999877929688,216.19000244140625,165.97999572753906
206.0399932861328,214.3300018310547,166.9499969482422
206.77999877929688,218.8000030517578,168.5800018310547
203.8699951171875,217.27000427246094,167.24000549316406
203.25,215.14999389648438,160.0399932861328
200.92999267578125,215.63999938964844,156.8300018310547
197.0500030517578,210.3800048828125,156.22000122070312
198.33999633789062,215.08999633789062,160.2100067138672
197.25999450683594,214.7899932861328,159.5800018310547
201.8800048828125,213.49000549316406,159.1199951171875
200.83999633789062,213.1699981689453,157.08999633789062
201.83999633789062,210.02999877929688,156.22000122070312
200.6999969482422,209.5399932861328,156.6199951171875
202.77000427246094,211.2899932861328,157.1999969482422
200.8699951171875,207.1999969482422,153.50999450683594
206.8699951171875,212.10000610351562,155.7100067138672
207.24000549316406,214.72000122070312,154.00999450683594
205.49000549316406,214.77999877929688,155.22999572753906
205.91000366210938,214.25999450683594,152.44000244140625
202.60000610351562,212.7100067138672,156.85000610351562
199.27000427246094,209.6999969482422,157.27000427246094
200.8699951171875,209.97999572753906,154.55999755859375
203.6300048828125,211.8000030517578,154.0800018310547
204.69000244140625,209.89999389648438,153.1199951171875
205.6999969482422,205.75,150.6199951171875
207.9600067138672,209.07000732421875,152.16000366210938
213.32000732421875,226.6300048828125,156.25999450683594
208.77999877929688,222.47000122070312,155.50999450683594
207.2899932861328,226.67999267578125,155.7899932861328
211.92999267578125,235.5500030517578,159.8300018310547
218.11000061035156,234.4499969482422,159.24000549316406
217.30999755859375,235.02999877929688,158.86000061035156
221.55999755859375,237.89999389648438,157.3300018310547
220.3800048828125,245.44000244140625,158.50999450683594
216.89999389648438,243.32000732421875,157.08999633789062
219.41000366210938,247.6699981689453,158.27999877929688
219.99000549316406,245.27000427246094,157.25999450683594
212.3699951171875,241.14999389648438,153.67999267578125
212.0800018310547,241.47999572753906,154.8800048828125
205.61000061035156,237.33999633789062,152.63999938964844
205.41000366210938,234.44000244140625,151.35000610351562
205.5800018310547,236.9499969482422,154.00999450683594
209.42999267578125,240.69000244140625,153.52999877929688
210.72000122070312,241.8699951171875,154.9199981689453
211.8300018310547,244.24000549316406,156.24000549316406
211.16000366210938,246.0500030517578,157.35000610351562
210.9199981689453,247.3300018310547,157.2100067138672
213.30999755859375,244.8300018310547,156.30999755859375
212.6199951171875,240.5800018310547,152.8800048828125
212.10000610351562,245.17999267578125,154.22000122070312
213.30999755859375,248.80999755859375,155.25
218.75999450683594,252.85000610351562,158.1199951171875
217.11000061035156,253.60000610351562,159.63999938964844
216.85000610351562,255.86000061035156,157.50999450683594
213.1199951171875,255.6199951171875,153.5800018310547
211.8699951171875,257.4599914550781,153.44000244140625
211.57000732421875,263.80999755859375,153.75
208.60000610351562,262.75,154.69000244140625
213.61000061035156,261.0899963378906,156.39999389648438
211.8000030517578,257.6499938964844,158.69000244140625
215.8699951171875,259.3699951171875,161.82000732421875
214.1199951171875,262.05999755859375,162.55999755859375
232.8000030517578,258.32000732421875,161.33999633789062
233.75,258.29998779296875,159.66000366210938
238.69000244140625,260.42999267578125,158.8699951171875
238.85000610351562,265.1700134277344,163.66000366210938
238.00999450683594,288.6499938964844,162.3000030517578
231.3800048828125,287.57000732421875,159.72999572753906
231.36000061035156,281.45001220703125,159.6699981689453
231.36000061035156,276.44000244140625,159.30999755859375
238.25,281.6499938964844,159.88999938964844
238.0399932861328,282.8900146484375,159.64999389648438
237.86000061035156,284.5299987792969,159.86000061035156
238.25999450683594,283.82000732421875,160.8300018310547
235.72000122070312,285.2200012207031,164.14999389648438
236.7100067138672,284.5400085449219,164.02999877929688
232.25999450683594,277.3699951171875,159.24000549316406
229.9499969482422,274.5100098,158.6300048828125
224.5399932861328,275.1700134277344,159.75
226.64999389648438,273.79998779296875,160.89999389648438
227.22000122070312,272.75,160.36000061035156
230.07000732421875,270.20001220703125,159.0399932861328
228.5800018310547,273.0299987792969,159.25
217.30999755859375,269.29998779296875,157.94000244140625
223.41000366210938,272.55999755859375,159.1199951171875
227.05999755859375,274.7900085449219,160.2100067138672
227.25,280.0299987792969,159.9600067138672
228.85000610351562,282.3299865722656,160.17999267578125
224.02999877929688,281.1300048828125,161.10000610351562
223.39999389648438,286.25,164.3000030517578
222.57000732421875,281.6300048828125,166.4600067138672
217.9499969482422,282.8999938964844,166.6300048828125
216.0500030517578,281.42999267578125,166.63999938964844
211.27000427246094,282.2799987792969,167.2100067138672
211.00999450683594,282.04998779296875,163.75999450683594
210.64999389648438,281.80999755859375,166.80999755859375
208.39999389648438,275.9200134277344,166.1999969482422
209.0500030517578,282.55999755859375,167.22999572753906
208.11000061035156,279.1499938964844,166.5
205.1199951171875,280.94000244140625,167.22000122070312
204.47999572753906,279.6700134277344,167.1999969482422
202.3699951171875,278.6099853515625,166.69000244140625
199.9499969482422,272.0299987792969,165.19000244140625
197.7100067138672,273.05999755859375,166.27999877929688
198.77999877929688,274.2699890136719,168.7100067138672
195.63999938964844,269.5199890136719,167.8000030517578
195.4600067138672,272.7099914550781,171.0399932861328
190.42999267578125,276.2399902,170.58999633789062
191.67999267578125,273,168.6199951171875
187.8300018310547,271.7200012207031,166.5399932861328
188.9199981689453,268.9700012207031,166.92999267578125
186.72999572753906,265.0299987792969,163.0399932861328
186.2899932861328,260.79998779296875,163.89999389648438
187.3800048828125,266.0400085449219,162.22999572753906
188.49000549316406,271.29998779296875,166.72000122070312
193.52999877929688,273.2099914550781,166.5399932861328
196.07000732421875,272.8299865722656,161.10000610351562
191.3000030517578,269.6099853515625,161.22999572753906
184.91000366210938,267.94000244140625,164.05999755859375
184.92999267578125,270.7900085449219,165.39999389648438
185.60000610351562,272.6499938964844,167.58999633789062
185.69000244140625,259.2200012207031,168.9199981689453
182.7899932861328,252.88999938964844,169.10000610351562
180.0399932861328,249.1999969482422,166.8300018310547
181.02999877929688,247.32000732421875,160.67999267578125
182.36000061035156,249.5500030517578,156.64999389648438
177.72999572753906,244.94000244140625,155.8699951171875
179.08999633789062,242.42999267578125,154.75
179.69000244140625,238.55999755859375,144.35000610351562
182.35000610351562,242.16000366210938,146.08999633789062
186.82000732421875,226.0500030517578,145.72999572753906
189.3800048828125,231.8300018310547,143.97999572753906
192.00999450683594,239.1199951171875,148.75999450683594
195.0500030517578,240.75,147.61000061035156
192.9499969482422,238.27999877929688,147
191.41000366210938,234.9199981689453,144.41000366210938
191.8300018310547,234.82000732421875,142.39999389648438
193.3300018310547,234.14999389648438,141.94000244140625
196.64999389648438,239.67999267578125,142.9499969482422
204.5399932861328,241.6699981689453,144
207.47000122070312,247.86000061035156,145.0500030517578
208.7100067138672,251.08999633789062,145.55999755859375
206.60000610351562,248.2100067138672,141.77000427246094
208.0399932861328,253.07000732421875,144.4600067138672
217.7100067138672,250.4499969482422,144.3800048828125
218.27000427246094,249.41000366210938,144.0399932861328
219.91000366210938,246.00999450683594,144.3300018310547
220,247.36000061035156,144.89999389648438
219.3000030517578,247.38999938964844,144.36000061035156
222.3699951171875,247.5,145.50999450683594
224.42999267578125,249.4499969482422,143.91000366210938
231.6300048828125,250.72000122070312,143.60000610351562
233.8699951171875,256.7600098,144.80999755859375
234.8699951171875,254.75,144.8699951171875
234.16000366210938,255.19000244140625,142.86000061035156
236.88999938964844,255.97000122070312,142.52999877929688
237.3300018310547,257.4100036621094,142.4199981689453
244.6999969482422,259.5,144.30999755859375
248.0800018310547,260.9200134277344,144.35000610351562
248.6300048828125,261.42999267578125,142.5
250.91000366210938,267.9700012207031,144.61000061035156
256.2399902,285.1700134277344,149.92999267578125
264.2699890136719,285.7399902,149.35000610351562
260.4100036621094,285.7099914550781,149.67999267578125
263.5100098,292.9599914550781,151.63999938964844
260.25,289.7099914550781,150.25
262.0199890136719,290.07000732421875,150.7100067138672
260.44000244140625,290.3599853515625,151.0500030517578
262.7900085449219,295.6300048828125,152.41000366210938
262.1000061035156,298.1199951171875,151.91000366210938
260.3500061035156,296.8800048828125,149.77000427246094
260.6600036621094,295.6700134277344,149.16000366210938
