AAPL,JPM,WMT
39.47999954223633,99.30999755859375,31.113332748413086
35.54750061035156,97.11000061035156,30.953332901000977
37.064998626708984,100.69000244140625,31.14666748046875
36.98249816894531,100.76000213623047,31.51333236694336
37.6875,100.56999969482422,31.733333587646484
38.32749938964844,100.4000015258789,31.62999916
38.45000076293945,100.38999938964844,31.65333366394043
38.07249832,99.91000366210938,31.613332748413086
37.5,100.94000244140625,31.649999618530273
38.26750183105469,101.68000030517578,32.08333206176758
38.73500061035156,102.5,32.116668701171875
38.96500015258789,102.91999816894531,32.246665954589844
39.20500183105469,104.58999633789062,32.57666778564453
38.32500076293945,102.94000244140625,32.496665954589844
38.47999954223633,102.68000030517578,32.90333176
38.17499923706055,102.73999786376953,32.78666687011719
39.439998626708984,103.38999938964844,32.313331604003906
39.07500076293945,103.87999725341797,32.35333251953125
38.66999816894531,104.16999816894531,32.23666763305664
41.3125,104.41000366210938,31.600000381469727
41.61000061035156,103.5,31.94333267211914
41.630001068115234,103.87999725341797,31.286666870117188
42.8125,104.25,31.59000015258789
43.54499816894531,103.79000091552734,31.866666793823242
43.560001373291016,103.73999786376953,31.87999916
42.73500061035156,102.37999725341797,32.24333190917969
42.602500915527344,101.36000061035156,31.860000610351562
42.35749816894531,100.87999725341797,32.06666564941406
42.72249984741211,102.5999984741211,32.323333740234375
42.54499816894531,103.08999633789062,32.64666748046875
42.70000076293945,102.41999816894531,32.84000015258789
42.60499954223633,105.55000305175781,33.33000183105469
42.73249816894531,105.18000030517578,34.06666564941406
43.00749969482422,105.69000244140625,33.293331146240234
42.76499938964844,105.47000122070312,33.130001068115234
43.24250030517578,105,33.18333435058594
43.557498931884766,106.0999984741211,33.040000915527344
43.58250045776367,105.29000091552734,32.89666748046875
43.717498779296875,105.16000366210938,32.70333480834961
43.287498474121094,104.36000061035156,32.996665954589844
43.74250030517578,104.43000030517578,32.643333435058594
43.962501525878906,104.19000244140625,32.616668701171875
43.88249969482422,104.11000061035156,32.779998779296875
43.630001068115234,103.72000122070312,32.753334045410156
43.125,102.97000122070312,32.483333587646484
43.227500915527344,103.01000213623047,32.529998779296875
44.724998474121094,104.3499984741211,32.82666778564453
45.227500915527344,104.04000091552734,32.790000915527344
45.42750168,104.38999938964844,33.00999832
45.932498931884766,105.33999633789062,32.74000168
46.529998779296875,106.55000305175781,32.80666732788086
47.005001068115234,107.19000244140625,33.220001220703125
46.63249969482422,106.80000305175781,33.28333282470703
47.040000915527344,104.5199966430664,32.880001068115234
48.772499084472656,102.87000274658203,33.02000045776367
47.76250076293945,99.76000213623047,32.75999832
47.185001373291016,98.93000030517578,32.723331451416016
46.69749832,99.91999816894531,32.77333450317383
47.11750030517578,99.58000183105469,32.40333176
47.18000030517578,100.70999908447266,32.37666702270508
47.48749923706055,101.2300033569336,32.50999832
47.810001373291016,104.63999938964844,32.606666564941406
48.505001068115234,105.13999938964844,32.313331604003906
48.837501525878906,105.3499984741211,32.39666748046875
48.92250061035156,105.55999755859375,32.70333480834961
49.25,105.30999755859375,32.94333267211914
50.025001525878906,105.6500015258789,33.07666778564453
49.875,104.87000274658203,32.89666748046875
50.154998779296875,105.33999633789062,33.20000076293945
49.73749923706055,106.2300033569336,33.599998474121094
49.717498779296875,111.20999908447266,33.85333251953125
49.807498931884766,109.94000244140625,34.143333435058594
49.8125,111.0999984741211,34.310001373291016
50.782501220703125,114.30000305175781,34.38666534423828
50.96500015258789,113.45999908447266,34.393333435058594
51.13249969482422,113.5999984741211,34.12333297729492
51.869998931884766,113.73999786376953,34.356666564941406
51.790000915527344,113.55000305175781,34.50999832
51.31999969482422,113.61000061035156,34.50666809082031
51.07500076293945,114.47000122070312,33.84333419799805
51.15250015258789,116.12000274658203,33.85333251953125
50.16749954223633,116.05000305175781,34.279998779296875
52.630001068115234,115.16000366210938,33.78666687011719
52.287498474121094,115.41000366210938,33.71666717529297
52.9375,116.12000274658203,34.026668548583984
52.119998931884766,115.08999633789062,34.15333176
50.71500015258789,113.20999908447266,33.766666412353516
50.724998474121094,112.61000061035156,33.43333435058594
50.18000030517578,112.5199966430664,33.18000030517578
49.29499816894531,112.51000213623047,33.970001220703125
46.43000030517578,109.44999694824219,33.29666519165039
47.165000915527344,110.31999969482422,33.43000030517578
47.72999954223633,109.9000015258789,33.293331146240234
47.52000045776367,111.30999755859375,33.77000045776367
47.25,110.7699966430664,33.619998931884766
45.772499084472656,111.3499984741211,33.84000015258789
46.650001525878906,111.7300033569336,33.706668853759766
45.69499969482422,110.81999969482422,34.07666778564453
44.915000915527344,108.63999938964844,33.95333480834961
44.74250030517578,109.70999908447266,34.223331451416016
44.557498931884766,108.5199966430664,34.13999938964844
44.345001220703125,108.22000122070312,34.040000915527344
44.57500076293945,107.05999755859375,34.063331604003906
43.76750183105469,105.95999908447266,33.813331604003906
43.32500076293945,106.45999908447266,33.98666763305664
44.90999984741211,109.73999786376953,34.186668395996094
45.63499832,110.12999725341797,34.80666732788086
46.30500030517578,110.37000274658203,35.03666687011719
47.537498474121094,109.16000366210938,35.35333251953125
48.14500045776367,110.33999633789062,35.84000015258789
48.70249938964844,110.68000030517578,35.97999954223633
48.54750061035156,109.2699966430664,36.27333450317383
48.537498474121094,109.54000091552734,36.21666717529297
48.185001373291016,109.81999969482422,36.356666564941406
48.47249984741211,109.22000122070312,36.38666534423828
49.61249923706055,110.70999908447266,36.54999923706055
49.467498779296875,109.91000366210938,36.540000915527344
49.86500168,110.19000244140625,36.77333450317383
49.69499969482422,109.44000244140625,37.043331146240234
49.64500045776367,108.66000366210938,37.08000183105469
48.89250183105469,107.76000213623047,36.90666580200195
49.95000076293945,108.4800033569336,36.720001220703125
49.935001373291016,108.83999633789062,36.70000076293945
49.47999954223633,111.80000305175781,36.83000183105469
50.38750076293945,113.68000030517578,36.87333297729492
50.682498931884766,113.80000305175781,37.20000076293945
51.102500915527344,112.81999969482422,37.439998626708984
51.057498931884766,113.48999786376953,37.32666778564453
50.005001068115234,112.87000274658203,37.573333740234375
50.310001373291016,113.3499984741211,37.62666702270508
50.807498931884766,113.0199966430664,37.65999984741211
50.4375,114.0999984741211,37.973331451416016
50.82500076293945,115.30000305175781,38.20000076293945
51.30250168,113.9000015258789,38.32666778564453
51.125,115.12000274658203,38.253334045410156
50.837501525878906,113.98999786376953,38.20000076293945
51.415000915527344,114.66999816894531,38.24000168
50.647499084472656,113.54000091552734,37.96666717529297
51.80500030517578,114.2699966430664,37.606666564941406
52.209999084472656,116.36000061035156,37.36333465576172
52.16749954223633,116.83000183105469,37.33333206176758
51.755001068115234,115.70999908447266,37.40666580200195
51.935001373291016,116.22000122070312,37.67333221435547
52.41999816894531,115.8499984741211,37.42333221435547
52.19499969482422,115.58999633789062,37.35333251953125
53.25999832,116,36.793331146240234
52.10749816894531,112.94000244140625,36.459999084472656
51.005001068115234,112.93000030517578,36.46666717529297
48.334999084472656,109.56999969482422,35.27333450317383
49.25,110.43000030517578,35.75666809082031
49.75999832,108.02999877929688,36.06666564941406
50.85749816894531,109.86000061035156,36.17333221435547
50.247501373291016,109.73999786376953,35.75999832
50.119998931884766,107.68000030517578,35.073333740234375
52.24250030517578,109.33999633789062,35.80333328
50.6875,104.80000305175781,35.400001525878906
50.435001373291016,105.19999694824219,37.563331604003906
51.625,107.72000122070312,37.663333892822266
52.587501525878906,108.69000244140625,37.936668395996094
52.59000015258789,107.30999755859375,37.349998474121094
53.15999984741211,107.61000061035156,37.34000015258789
53.11500168,108.72000122070312,37.30333328
50.65999984741211,106.0199966430664,36.94333267211914
51.622501373291016,106.87000274658203,37.33000183105469
51.040000915527344,105.73999786376953,37.473331451416016
51.38249969482422,106.80000305175781,37.573333740234375
52.252498626708984,109.22000122070312,38.026668548583984
52.185001373291016,109.86000061035156,38.086666107177734
51.42499923706055,108.55999755859375,38.21333312988281
52.29750061035156,109.87000274658203,38.63666534423828
53.31999969482422,112.37000274658203,38.47999954223633
53.314998626708984,112.61000061035156,38.24333190917969
53.54249954223633,115.4000015258789,38.776668548583984
54.17499923706055,116.87000274658203,38.68333435058594
55.897499084472656,117.19000244140625,38.67333221435547
55.772499084472656,117.91000366210938,38.973331451416016
54.6875,120.2300033569336,39.143333435058594
54.974998474121094,119.16000366210938,38.52333450317383
55.17499923706055,118.56999969482422,38.836666107177734
55.692501068115234,119.76000213623047,39.05333328
55.24000168,119.37999725341797,39.03666687011719
54.432498931884766,118.9000015258789,38.99333190917969
54.68000030517578,118.87999725341797,39.206668853759766
54.41999816894531,117.33000183105469,39.46666717529297
55.25749969482422,118,39.49000168
54.97249984741211,117.02999877929688,39.43333435058594
54.70500183105469,117.72000122070312,39.483333587646484
55.99250030517578,117.69000244140625,39.560001373291016
56.147499084472656,115.55000305175781,39.28333282470703
54.74000168,113.25,38.706668853759766
55.20500183105469,112.19000244140625,38.77000045776367
56.752498626708984,114.62000274658203,39.38666534423828
56.76499938964844,114.37000274658203,39.07666778564453
56.099998474121094,111.81999969482422,39.19333267211914
56.75749969482422,112.62999725341797,39.643333435058594
57.522499084472656,114.20999908447266,39.869998931884766
59.05250168,116.13999938964844,40.08000183105469
58.967498779296875,116.44999694824219,39.723331451416016
58.83000183105469,119.95999908447266,39.84333419799805
58.592498779296875,119.68000030517578,39.80666732788086
58.81999969482422,120.3499984741211,39.94666672
59.102500915527344,120.55999755859375,39.71333312988281
60.127498626708984,123.55000305175781,39.913333892822266
59.99000168,124.79000091552734,39.86000061035156
60.79499816894531,125.12000274658203,39.78333282470703
60.89500045776367,125.02999877929688,39.70000076293945
61.64500045776367,126.02999877929688,39.68000030517578
62.26250076293945,126.51000213623047,39.74000168
60.82249832,126.43000030517578,39.04999923706055
60.814998626708984,125.7300033569336,39.366668701171875
62.189998626708984,124.91999816894531,39.086666107177734
63.95500183105469,127.80000305175781,39.206668853759766
64.375,128.82000732421875,39.189998626708984
64.28250122070312,129.10000610351562,39.619998931884766
64.30999755859375,129.3000030517578,39.83333206176758
64.85749816894531,130,40.07666778564453
65.03500366210938,130.3800048828125,39.813331604003906
65.55000305175781,129.9199981689453,39.68000030517578
65.48999786376953,129.16000366210938,39.706668853759766
66.11750030517578,128.47999572753906,40.32666778564453
65.66000366210938,128.60000610351562,40.21666717529297
66.44000244140625,129.52999877929688,39.62333297729492
66.77500153,130.6199951171875,40.08333206176758
66.57250213623047,130.5800018310547,39.96333312988281
65.79750061035156,129.6300048828125,39.709999084472656
65.50250244140625,129.92999267578125,39.95333480834961
65.44499969482422,130.7899932861328,39.78666687011719
66.59249877929688,131.49000549316406,39.63999938964844
66.07250213623047,131.6699981689453,39.72999954223633
66.95999908447266,132.05999755859375,39.586666107177734
66.8125,131.75999450683594,39.69666672
66.04000091552734,131.47000122070312,39.75999832
64.86250305175781,129.77999877929688,39.55666732788086
65.43499755859375,132.33999633789062,39.563331604003906
66.39499664,133.05999755859375,39.55333328
67.67749786376953,135.0399932861328,39.926666259765625
66.73000336,134.41000366210938,39.78666687011719
67.12000274658203,134.5,39.71333312988281
67.69249725341797,134.17999267578125,39.66666793823242
67.86499786376953,138.02000427246094,39.91999816894531
68.78749847,136.80999755859375,40.09666824
69.96499633789062,137.33999633789062,40.18000030517578
70.10250091552734,138.17999267578125,40.426666259765625
69.93499755859375,138.0399932861328,39.95333480834961
70.00499725341797,137.35000610351562,40.026668548583984
69.86000061035156,137.24000549316406,40.09666824
71,137.1999969482422,39.676666259765625
71.06749725341797,137.5800018310547,39.836666107177734
72.47750091552734,139.0399932861328,39.84000015258789
72.44999694824219,139.13999938964844,39.86333465576172
72.87999725341797,138.6300048828125,39.79999923706055
73.41249847,139.39999389648438,39.61333465576172
75.08750153,141.08999633789062,39.64666748046875
74.35749816894531,138.33999633789062,39.29666519165039
74.94999694824219,138.22999572753906,39.21666717529297
74.59750366210938,135.8800048828125,38.85333251953125
75.79750061035156,136.94000244140625,38.720001220703125
77.40750122070312,137.44000244140625,39.119998931884766
77.58249664,136.07000732421875,38.793331146240234
79.23999786376953,137.1999969482422,38.62666702270508
78.16999816894531,138.8000030517578,38.72666549682617
77.83499908447266,136.72000122070312,38.426666259765625
78.80999755859375,137.25,38.633331298828125
79.68250274658203,138.1999969482422,38.31999969482422
79.14250183105469,136.83999633789062,38.529998779296875
79.42500305175781,136.67999267578125,38.70000076293945
79.80750274658203,136.5399932861328,38.60333251953125
79.57749938964844,133.14999389648438,38.12333297729492
77.23750305175781,132.02999877929688,38.619998931884766
79.42250061035156,134.42999267578125,38.866668701171875
81.08499908447266,134.22999572753906,38.630001068115234
80.96749877929688,135.88999938964844,38.86000061035156
77.37750244140625,132.36000061035156,38.163333892822266
77.16500091552734,133.3699951171875,38.09000015258789
79.71250153,135.2899932861328,38.42333221435547
80.36250305175781,137.58999633789062,38.936668395996094
81.30249786376953,137.61000061035156,38.77000045776367
80.00749969482422,137.1699981689453,38.81666564941406
80.38749694824219,137.74000549316406,38.41666793823242
79.90249633789062,138,38.46666717529297
81.80000305175781,138,38.616668701171875
81.21749877929688,137.8800048828125,39.14666748046875
81.23750305175781,137.4600067138672,39.29666519165039
79.75,135.63999938964844,39.87666702270508
80.90499877929688,137.49000549316406,39.22666549682617
80.07499694824219,137.49000549316406,39.22999954223633
78.26249694824219,135.80999755859375,39.526668548583984
74.54499816894531,132.16000366210938,38.77333450317383
72.01999664,126.26000213623047,38.130001068115234
73.16249847,126.63999938964844,37.926666259765625
68.37999725341797,121.37000274658203,36.79999923706055
68.33999633789062,116.11000061035156,35.893333435058594
74.70249938964844,121.5199966430664,38.62666702270508
72.33000183105469,116.95999908447266,37.63666534423828
75.68499755859375,119.8499984741211,38.92333221435547
73.23000336,113.97000122070312,38.63999938964844
72.25749969482422,108.08000183105469,39.07666778564453
66.54250336,93.44000244140625,39.05333328
71.33499908447266,100.69999694824219,39.93000030517578
68.85749816894531,95.95999908447266,38.143333435058594
62.057498931884766,88.05000305175781,34.68333435058594
69.49250030517578,103.91000366210938,38.03333282470703
60.55250168,88.36000061035156,35.586666107177734
63.21500015258789,93.76000213623047,39.753334045410156
61.66749954223633,83.88999938964844,40.86000061035156
61.19499969482422,85.30000305175781,39.81666564941406
57.310001373291016,83.5,37.99000168
56.092498779296875,79.02999877929688,38.09333419799805
61.720001220703125,88.43000030517578,38.34333419799805
61.380001068115234,91.73000336,36.46666717529297
64.61000061035156,98.12000274658203,36.606666564941406
61.935001373291016,91.12999725341797,36.526668548583984
63.70249938964844,93.5,38.39666748046875
63.57249832,90.02999877929688,37.87333297729492
60.227500915527344,84.36000061035156,38.04666519165039
61.23249816894531,87.51000213623047,39.54999923706055
60.352500915527344,84.05000305175781,39.82666778564453
65.61750030517578,89.45999908447266,42.02333450317383
64.85749816894531,90.63999938964844,40.663333892822266
66.51750183105469,94.30000305175781,40.61333465576172
66.99749755859375,102.76000213623047,40.599998474121094
68.3125,98.19000244140625,41.766666412353516
71.76249694824219,95.5,43
71.10749816894531,90.79000091552734,42.91999816894531
71.67250061035156,87.33000183105469,44.11000061035156
70.69999694824219,95.18000030517578,44.040000915527344
69.23249816894531,91.70999908447266,43.28333282470703
67.09249877929688,89.05000305175781,43.06999969482422
69.02500153,89.33999633789062,43.86333465576172
68.75749969482422,89.38999938964844,42.84333419799805
70.74250030517578,90.70999908447266,43.14666748046875
70.79250336,94.62000274658203,42.766666412353516
69.64499664,95.29000091552734,42.66666793823242
71.93250274658203,97.86000061035156,41.20000076293945
73.44999694824219,95.76000213623047,40.516666412353516
72.26750183105469,93.25,40.973331451416016
73.29000091552734,92.13999938964844,41.233333587646484
74.38999938964844,92,41.57666778564453
75.15750122070312,90.26999664,41.099998474121094
75.93499755859375,91.20999908447266,40.630001068115234
77.53250122070312,92.69999694824219,40.97999954223633
78.75250244140625,89.97000122070312,41.223331451416016
77.85250091552734,87.02999877929688,41.25999832
76.91249847,84.02999877929688,41.23666763305664
77.38500213623047,87.51999664,41.13999938964844
76.92749786376953,85.90000153,41.97999954223633
78.73999786376953,90.44999694824219,42.55333328
78.28500366210938,88.66999816894531,41.650001525878906
79.80750274658203,91.33000183105469,41.81666564941406
79.21250153,90.16999816894531,41.663333892822266
79.72250366210938,89.47000122070312,41.44333267211914
79.18250274658203,95.81999969482422,41.28666687011719
79.52749633789062,101.37000274658203,40.82666778564453
79.5625,99.86000061035156,41.22999954223633
79.48500061035156,97.30999755859375,41.35333251953125
80.46250153,98.59999847,41.31999969482422
80.83499908447266,98.93000030517578,41.313331604003906
81.27999877929688,104.2699966430664,41.15666580200195
80.58000183105469,106.44000244140625,40.70333480834961
82.875,111.2300033569336,40.52000045776367
83.36499786376953,113.44999694824219,40.413333892822266
85.99749755859375,110.54000091552734,40.45000076293945
88.20999908447266,106.05999755859375,40.38666534423828
83.97499847,97.20999908447266,40.029998779296875
84.69999694824219,99.87000274658203,39.246665954589844
85.74749755859375,101.25,39.36000061035156
88.01999664,102.05999755859375,39.883331298828125
87.89749908447266,99.48000336,39.676666259765625
87.93250274658203,98.94000244140625,39.33000183105469
87.43000030517578,97.80999755859375,39.95000076293945
89.71749877929688,96.75,40.560001373291016
91.63249969482422,97.93000030517578,40.356666564941406
90.01499938964844,94.66000366210938,40.099998474121094
91.20999908447266,97.95999908447266,39.90333176
88.40750122070312,92.58999633789062,39.439998626708984
90.44499969482422,93,39.686668395996094
91.19999694824219,94.05999755859375,39.926666259765625
91.02749633789062,93.26000213623047,39.89666748046875
91.02749633789062,92.66000366210938,39.73666763305664
93.46250153,95,39.630001068115234
93.17250061035156,92.31999969482422,42.31666564941406
95.34249877929688,93.30000305175781,41.47999954223633
95.75250244140625,91.27999877929688,42.58333206176758
95.91999816894531,96.26999664,43.560001373291016
95.47750091552734,97.65000153,43.17333221435547
97.05750274658203,98.20999908447266,44.003334045410156
97.72499847,99.73000336,44
96.52249908447266,100.01000213623047,44.06666564941406
96.32749938964844,98.16000366210938,43.913333892822266
98.35749816894531,97.30000305175781,43.823333740234375
97,99.41000366210938,44.11000061035156
97.27249908447266,98.69000244140625,44.220001220703125
92.84500122070312,98.98000336,43.880001068115234
92.61499786376953,98.27999877929688,43.746665954589844
94.80999755859375,96.90000153,43.73666763305664
93.25250244140625,97.31999969482422,43.91999816894531
95.04000091552734,99.68000030517578,43.563331604003906
96.19000244140625,97.01999664,43.37333297729492
106.26000213623047,96.63999938964844,43.133331298828125
108.9375,96.09999847,43.099998474121094
109.66500091552734,95.55000305175781,43.880001068115234
110.0625,97.20999908447266,43.27000045776367
113.90249633789062,97.23999786376953,43.116668701171875
111.11250305175781,99.37999725341797,43.323333740234375
112.72750091552734,100.63999938964844,43.959999084472656
109.375,103.81999969482422,43.400001525878906
113.01000213623047,102.94000244140625,43.96333312988281
115.01000213623047,102.37000274658203,43.95000076293945
114.90750122070312,102.41000366210938,44.20000076293945
114.60749816894531,99.70999908447266,45.20000076293945
115.5625,98.31999969482422,44.90333176
115.7074966430664,98.55000305175781,44.13666534423828
118.2750015258789,97.37000274658203,43.52333450317383
124.37000274658203,97.31999969482422,43.87666702270508
125.85749816894531,100.05999755859375,43.776668548583984
124.82499694824219,100.5,43.543331146240234
126.52249908447266,99.08999633789062,43.56666564941406
125.01000213623047,102.3499984741211,45.543331146240234
124.80750274658203,102.7699966430664,46.766666412353516
129.0399932861328,100.19000244140625,46.28333282470703
134.17999267578125,100.13999938964844,49.19666672
131.39999389648438,101.6500015258789,49.22666549682617
120.87999725341797,101.33000183105469,48.18000030517578
120.95999908447266,103.5199966430664,47.61000061035156
112.81999969482422,99.91999816894531,46.150001525878906
117.31999969482422,100.87000274658203,46.630001068115234
113.48999786376953,99.83000183105469,45.60333251953125
112,101.06999969482422,45.56666564941406
115.36000061035156,102.47000122070312,45.77333450317383
115.54000091552734,99.27999877929688,45.78666687011719
112.12999725341797,99.69999694824219,45.41999816894531
110.33999633789062,98.55999755859375,45.563331604003906
106.83999633789062,98.34999847,45.09666824
110.08000183105469,95.30999755859375,45.689998626708984
111.80999755859375,94.26999664,46.10333251953125
107.12000274658203,92.73999786376953,45.33000183105469
108.22000122070312,92.66000366210938,45.56666564941406
112.27999877929688,93.47000122070312,45.75666809082031
114.95999908447266,96.16000366210938,45.75
114.08999633789062,95.34999847,45.71333312988281
115.80999755859375,96.26999664,46.63666534423828
116.79000091552734,96.97000122070312,47.69333267211914
113.0199966430664,97.88999938964844,46.83333206176758
116.5,99.04000091552734,47.266666412353516
113.16000366210938,98.01999664,46.87666702270508
115.08000183105469,99.73000336,46.96333312988281
114.97000122070312,101.77999877929688,47.119998931884766
116.97000122070312,101.19999694824219,47.59333419799805
124.4000015258789,102.44000244140625,48.08333206176758
121.0999984741211,100.77999877929688,48.74333190917969
121.19000244140625,100.22000122070312,47.97999954223633
120.70999908447266,101.72000122070312,48.176666259765625
119.0199966430664,101.51000213623047,48.23666763305664
115.9800033569336,99.80000305175781,47.650001525878906
117.51000213623047,100.37000274658203,47.96666717529297
116.87000274658203,99.37000274658203,48.133331298828125
115.75,102.87999725341797,47.849998474121094
115.04000091552734,103.80999755859375,47.95000076293945
115.05000305175781,101.23999786376953,47.38666534423828
116.5999984741211,99.33000183105469,47.62333297729492
111.19999694824219,96.54000091552734,46.68000030517578
115.31999969482422,97.16999816894531,46.63999938964844
108.86000061035156,98.04000091552734,46.25
108.7699966430664,100.25,46.79999923706055
110.44000244140625,103.41000366210938,47.59333419799805
114.94999694824219,100.25,47.31999969482422
119.02999877929688,104.3499984741211,47.823333740234375
118.69000244140625,102.95999908447266,48.59000015258789
116.31999969482422,116.9000015258789,47.84666824
115.97000122070312,116.5199966430664,48.52000045776367
119.48999786376953,114.77999877929688,49.32666778564453
119.20999908447266,113.37000274658203,49.40999984741211
119.26000213623047,114.08000183105469,50.18000030517578
120.30000305175781,117.30000305175781,50.813331604003906
119.38999938964844,116.11000061035156,49.790000915527344
118.02999877929688,115.25,49.69666672
118.63999938964844,115.55999755859375,50.706668853759766
117.33999633789062,114.56999969482422,50.08000183105469
113.8499984741211,117.87000274658203,50.310001373291016
115.16999816894531,123.31999969482422,50.45333480834961
116.02999877929688,122.02999877929688,50.61000061035156
116.58999633789062,121.22000122070312,50.53333282470703
119.05000305175781,117.87999725341797,50.93000030517578
122.72000122070312,119.73999786376953,50.880001068115234
123.08000183105469,122.04000091552734,50.17333221435547
122.94000244140625,121.23999786376953,49.766666412353516
122.25,122.33999633789062,49.63666534423828
123.75,121.87999725341797,49.369998931884766
124.37999725341797,122,49.81666564941406
121.77999877929688,121.05000305175781,49.42333221435547
123.23999786376953,120.2699966430664,49.01333236694336
122.41000366210938,119.55999755859375,49
121.77999877929688,118.30000305175781,48.54999923706055
127.87999725341797,120.31999969482422,48.526668548583984
127.80999755859375,120.66999816894531,48.47666549682617
128.6999969482422,119.66999816894531,48.70000076293945
126.66000366210938,119.08000183105469,48.650001525878906
128.22999572753906,123.55000305175781,48.65666580200195
131.8800048828125,121.66999816894531,48.06666564941406
130.9600067138672,125.06999969482422,47.74000168
131.97000122070312,124.5199966430664,47.83333206176758
136.69000244140625,125.33999633789062,48.40666580200195
134.8699951171875,125.01000213623047,48.099998474121094
133.72000122070312,125.36000061035156,48.060001373291016
132.69000244140625,127.06999969482422,48.04999923706055
129.41000366210938,125.87000274658203,48.84333419799805
131.00999450683594,125.6500015258789,48.58333206176758
126.5999984741211,131.5500030517578,48.88666534423828
130.9199981689453,135.8699951171875,48.883331298828125
132.0500030517578,136.02000427246094,48.87666702270508
128.97999572753906,138.0500030517578,49.09666824
128.8000030517578,140.22000122070312,49.65666580200195
130.88999938964844,140.35000610351562,49.150001525878906
128.91000366210938,141.1699981689453,48.99000168
127.13999938964844,138.63999938964844,48.21333312988281
127.83000183105469,138.0399932861328,47.79666519165039
132.02999877929688,135.97000122070312,48.503334045410156
136.8699951171875,134.8300018310547,48.28333282470703
139.07000732421875,133.7899932861328,48.776668548583984
142.9199981689453,132.1199951171875,48.733333587646484
143.16000366210938,131.5800018310547,49.16999816894531
142.05999755859375,127.86000061035156,47.94666672
137.08999633789062,130.11000061035156,47.91666793823242
131.9600067138672,128.6699981689453,46.83000183105469
134.13999938964844,129.6199951171875,46.42333221435547
134.99000549316406,133.61000061035156,46.92333221435547
133.94000244140625,135.13999938964844,47.06666564941406
137.38999938964844,138.25,47.50999832
136.75999450683594,137.97999572753906,48.119998931884766
136.91000366210938,140.13999938964844,48.34333419799805
136.00999450683594,139.5800018310547,48.61000061035156
135.38999938964844,139.66000366210938,48.043331146240234
135.1300048828125,139.27000427246094,48.00666809082031
135.3699951171875,141.25,48.15666580200195
133.19000244140625,144.64999389648438,48.55333328
130.83999633789062,145.10000610351562,49.06666564941406
129.7100067138672,145.58999633789062,45.88666534423828
129.8699951171875,148.02000427246094,46.11333465576172
126,149.41000366210938,45.89666748046875
125.86000061035156,150.61000061035156,45.15666580200195
125.3499984741211,153.25999450683594,44.40333176
120.98999786376953,151.17999267578125,43.983333587646484
121.26000213623047,147.1699981689453,43.30666732788086
127.79000091552734,150.5,43.790000915527344
125.12000274658203,150.00999450683594,43.369998931884766
122.05999755859375,152.91000366210938,42.529998779296875
120.12999725341797,150.55999755859375,42.50999832
121.41999816894531,150.91000366210938,43.040000915527344
116.36000061035156,152.91000366210938,42.62666702270508
121.08999633789062,151.8300018310547,42.96333312988281
119.9800033569336,155.1300048828125,44.060001373291016
121.95999908447266,154.32000732421875,44.043331146240234
121.02999877929688,156.14999389648438,44.706668853759766
123.98999786376953,155.3699951171875,44.47666549682617
125.56999969482422,153.50999450683594,44.46333312988281
124.76000213623047,155.08999633789062,44.09333419799805
120.52999877929688,157.64999389648438,43.336666107177734
119.98999786376953,155.13999938964844,43.913333892822266
123.38999938964844,150.97000122070312,44.12333297729492
122.54000091552734,149.4600067138672,44.64666748046875
120.08999633789062,150.6199951171875,44.369998931884766
120.58999633789062,152.5500030517578,44.66999816894531
121.20999908447266,155.08999633789062,45.043331146240234
121.38999938964844,152.67999267578125,45.55666732788086
119.9000015258789,154.47999572753906,45.246665954589844
122.1500015258789,152.22999572753906,45.276668548583984
123,153.7100067138672,45.206668853759766
125.9000015258789,153.6199951171875,46.47666549682617
126.20999908447266,152.5399932861328,46.70000076293945
127.9000015258789,154.92999267578125,46.599998474121094
130.36000061035156,155.1199951171875,46.56999969482422
133,156.27999877929688,46.59333419799805
131.24000549316406,155.9499969482422,46.599998474121094
134.42999267578125,154.08999633789062,46.456668853759766
132.02999877929688,151.2100067138672,46.439998626708984
134.5,152.1699981689453,46.720001220703125
134.16000366210938,153.3000030517578,46.869998931884766
134.83999633789062,152.64999389648438,46.56999969482422
133.11000061035156,149.27000427246094,46.93000030517578
133.5,150.5399932861328,47.06666564941406
131.94000244140625,147.3699951171875,46.55666732788086
134.32000732421875,150.19000244140625,46.633331298828125
134.72000122070312,150.55999755859375,45.970001220703125
134.38999938964844,151.25,46.12666702270508
133.5800018310547,152.22999572753906,45.96333312988281
133.47999572753906,155.19000244140625,46.543331146240234
131.4600067138672,153.80999755859375,46.63666534423828
132.5399932861328,153.36000061035156,47.37333297729492
127.8499984741211,155.47999572753906,46.90666580200195
128.10000610351562,157.52000427246094,46.866668701171875
129.74000549316406,160.69000244140625,47.016666412353516
130.2100067138672,161.24000549316406,46.733333587646484
126.8499984741211,161.22000122070312,46.939998626708984
125.91000366210938,158.5399932861328,46.516666412353516
122.7699966430664,157.4499969482422,45.313331604003906
124.97000122070312,161.5,46.08000183105469
127.44999694824219,164.00999450683594,46.50666809082031
126.2699966430664,164.6699981689453,46.29666519165039
124.8499984741211,162.35000610351562,47.30333328
124.69000244140625,161.11000061035156,47.30666732788086
127.30999755859375,160.8300018310547,47.473331451416016
125.43000030517578,162.66000366210938,47.25
127.0999984741211,163.5399932861328,47.253334045410156
126.9000015258789,161.85000610351562,47.44666672
126.8499984741211,161.8300018310547,47.38999938964844
125.27999877929688,164.35000610351562,47.22999954223633
124.61000061035156,164.24000549316406,47.34333419799805
124.27999877929688,166.0500030517578,47.220001220703125
125.05999755859375,166.05999755859375,47.116668701171875
123.54000091552734,166.1699981689453,47.20000076293945
125.88999938964844,166.44000244140625,47.28333282470703
125.9000015258789,165.66000366210938,46.96666717529297
126.73999786376953,165,46.61000061035156
127.12999725341797,162.94000244140625,46.36000061035156
126.11000061035156,160.39999389648438,46.62666702270508
127.3499984741211,160.2899932861328,46.91666793823242
130.47999572753906,157.57000732421875,46.85333251953125
129.63999938964844,155.17999267578125,46.66666793823242
130.14999389648438,156.27000427246094,45.71666717529297
131.7899932861328,151.75999450683594,45.90666580200195
130.4600067138672,147.9199981689453,45.05666732788086
132.3000030517578,150.42999267578125,45.46666717529297
133.97999572753906,150.2100067138672,45.676666259765625
133.6999969482422,151.1199951171875,45.31999969482422
133.41000366210938,152.50999450683594,45.63666534423828
133.11000061035156,154.0500030517578,46.176666259765625
134.77999877929688,154.3300018310547,46.03333282470703
136.3300018310547,154.13999938964844,45.766666412353516
136.9600067138672,155.5399932861328,47.00666809082031
137.27000427246094,157.0800018310547,46.439998626708984
139.9600067138672,156.02999877929688,46.70333480834961
142.02000427246094,153.41000366210938,46.64666748046875
144.57000732421875,153.58999633789062,46.56999969482422
143.24000549316406,150.94000244140625,46.529998779296875
145.11000061035156,155.77000427246094,46.766666412353516
144.5,158,46.68333435058594
145.63999938964844,155.64999389648438,46.86000061035156
149.14999389648438,155.1199951171875,47.18333435058594
148.47999572753906,155.4600067138672,47.220001220703125
146.38999938964844,151.91000366210938,47.186668395996094
142.4499969482422,146.97000122070312,47.07666778564453
146.14999389648438,149.7100067138672,47.290000915527344
145.39999389648438,152.86000061035156,47.05666732788086
146.8000030517578,150.92999267578125,47.09000015258789
148.55999755859375,150.63999938964844,47.47666549682617
148.99000549316406,151.64999389648438,47.543331146240234
146.77000427246094,151.4499969482422,47.54666519165039
144.97999572753906,151.6999969482422,47.35333251953125
145.63999938964844,153,47.413333892822266
145.86000061035156,151.77999877929688,47.516666412353516
145.52000427246094,151.1699981689453,47.40666580200195
147.36000061035156,152.88999938964844,47.939998626708984
146.9499969482422,151.24000549316406,47.61333465576172
147.05999755859375,153.14999389648438,48.496665954589844
146.13999938964844,157.5,48.40999984741211
146.08999633789062,157.3300018310547,48.526668548583984
145.60000610351562,159.25999450683594,49.560001373291016
145.86000061035156,161.16000366210938,50.003334045410156
148.88999938964844,161.7899932861328,49.686668395996094
149.10000610351562,159.97999572753906,49.84333419799805
151.1199951171875,158.92999267578125,50.25
150.19000244140625,157.00999450683594,50.233333587646484
146.36000061035156,155.5800018310547,49.70000076293945
146.6999969482422,154.27999877929688,50.03666687011719
148.19000244140625,154.72000122070312,50.483333587646484
149.7100067138672,156.6999969482422,50.150001525878906
149.6199951171875,157.6699981689453,49.633331298828125
148.36000061035156,160.9199981689453,49.65333176
147.5399932861328,161.75,49.116668701171875
148.60000610351562,163.0500030517578,48.84000015258789
153.1199951171875,160.44000244140625,49.233333587646484
151.8300018310547,159.9499969482422,49.366668701171875
152.50999450683594,159.72000122070312,49.25999832
153.64999389648438,160.4600067138672,49.52000045776367
154.3000030517578,159.49000549316406,49.75
156.69000244140625,159.2100067138672,49.09000015258789
155.11000061035156,158.5,49.15333176
154.07000732421875,159.19000244140625,48.80666732788086
148.97000122070312,157.36000061035156,48.630001068115234
149.5500030517578,159.86000061035156,48.35333251953125
148.1199951171875,157.07000732421875,48.099998474121094
149.02999877929688,158.16000366210938,48.18333435058594
148.7899932861328,158.08999633789062,48.34333419799805
146.05999755859375,157.67999267578125,48.24333190917969
142.94000244140625,152.9600067138672,47.58000183105469
143.42999267578125,152.97999572753906,47.67333221435547
145.85000610351562,155.91000366210938,47.563331604003906
146.8300018310547,161.17999267578125,47.59000015258789
146.9199981689453,163.0399932861328,47.723331451416016
145.3699951171875,166.97999572753906,47.41666793823242
141.91000366210938,166.0800018310547,46.83333206176758
142.8300018310547,165.9499969482422,46.813331604003906
141.5,163.69000244140625,46.459999084472656
142.64999389648438,167.1300048828125,45.68333435058594
139.13999938964844,166.9499969482422,45.24333190917969
141.11000061035156,168.66000366210938,45.540000915527344
142,169.02000427246094,45.87333297729492
143.2899932861328,170.08999633789062,46.413333892822266
142.89999389648438,170.22000122070312,46.55333328
142.80999755859375,166.63999938964844,46.50999832
141.50999450683594,165.36000061035156,46.459999084472656
140.91000366210938,161,46.12333297729492
143.75999450683594,163.47000122070312,46.62333297729492
144.83999633789062,166.61000061035156,46.849998474121094
146.5500030517578,166.5500030517578,47.22666549682617
148.75999450683594,168.57000732421875,48.22999954223633
149.25999450683594,170.83999633789062,48.66666793823242
149.47999572753906,169.5,48.936668395996094
148.69000244140625,171.77999877929688,49.44666672
148.63999938964844,170.94000244140625,50.02000045776367
149.32000732421875,171.39999389648438,49.58333206176758
148.85000610351562,167.8300018310547,49.176666259765625
152.57000732421875,170.36000061035156,49.483333587646484
149.8000030517578,169.88999938964844,49.80666732788086
148.9600067138672,169.8000030517578,49.93000030517578
150.02000427246094,170.47000122070312,49.90666580200195
151.49000549316406,170.52999877929688,50.060001373291016
150.9600067138672,168.2899932861328,50.426666259765625
151.27999877929688,168.0500030517578,50.07666778564453
150.44000244140625,169.05999755859375,49.75666809082031
150.80999755859375,167.77999877929688,49.93000030517578
147.9199981689453,167.6199951171875,49.47999954223633
147.8699951171875,167.61000061035156,49.5
149.99000549316406,166.86000061035156,49.253334045410156
150,166.55999755859375,48.970001220703125
151,165.36000061035156,47.723331451416016
153.49000549316406,164.47000122070312,47.313331604003906
157.8699951171875,163.0500030517578,47.720001220703125
160.5500030517578,160.9199981689453,47.46333312988281
161.02000427246094,164.35000610351562,48.25999832
161.41000366210938,168.27999877929688,48.60333251953125
161.94000244140625,166.9600067138672,48.84666824
156.80999755859375,161.92999267578125,48.29999923706055
160.24000549316406,161.22999572753906,47.543331146240234
165.3000030517578,158.8300018310547,46.87666702270508
164.77000427246094,157.88999938964844,45.71333312988281
163.75999450683594,161.2100067138672,45.15666580200195
161.83999633789062,158.2899932861328,45.836666107177734
165.32000732421875,160.16000366210938,46.33333206176758
171.17999267578125,162.57000732421875,46.18333435058594
175.0800018310547,160.7100067138672,45.71666717529297
174.55999755859375,160.4600067138672,46.16666793823242
179.4499969482422,159.82000732421875,47.00999832
175.74000549316406,157.9199981689453,47.856666564941406
174.3300018310547,159.1300048828125,48.313331604003906
179.3000030517578,157.94000244140625,48.59000015258789
172.25999450683594,160.41000366210938,47.779998779296875
171.13999938964844,156.75999450683594,46.25
169.75,153.94000244140625,46.400001525878906
172.99000549316406,156.08999633789062,46.540000915527344
175.63999938964844,156.6999969482422,46.599998474121094
176.27999877929688,157.25999450683594,46.496665954589844
180.3300018310547,158.16000366210938,46.91999816894531
179.2899932861328,158.63999938964844,47.59333419799805
179.3800048828125,158.55999755859375,47.56999969482422
178.1999969482422,158.47999572753906,47.723331451416016
177.57000732421875,158.35000610351562,48.22999954223633
182.00999450683594,161.6999969482422,48.21666717529297
179.6999969482422,167.8300018310547,47.33333206176758
174.9199981689453,163.77999877929688,47.973331451416016
172,165.52000427246094,47.84000015258789
172.1699981689453,167.16000366210938,48.29666519165039
172.19000244140625,167.32000732421875,48.20333480834961
175.0800018310547,167.49000549316406,48.06666564941406
175.52999877929688,168.44000244140625,47.813331604003906
172.19000244140625,168.22999572753906,48.49000168
173.07000732421875,157.88999938964844,48.35333251953125
169.8000030517578,151.27000427246094,47.50666809082031
166.22999572753906,148.92999267578125,47.97999954223633
164.50999450683594,147.66000366210938,47.073333740234375
162.41000366210938,145.0800018310547,46.72999954223633
161.6199951171875,144.9499969482422,46.733333587646484
159.77999877929688,146.52999877929688,45.71666717529297
159.69000244140625,147.9199981689453,45.25
159.22000122070312,145.30999755859375,45.279998779296875
170.3300018310547,146.61000061035156,45.84000015258789
174.77999877929688,148.60000610351562,46.60333251953125
174.61000061035156,151.14999389648438,46.970001220703125
175.83999633789062,149.94000244140625,46.95000076293945
172.89999389648438,148.6999969482422,46.996665954589844
172.38999938964844,152.55999755859375,46.44333267211914
171.66000366210938,153.07000732421875,45.98666763305664
174.8300018310547,155.9499969482422,45.996665954589844
176.27999877929688,156.60000610351562,45.89666748046875
172.1199951171875,155.9499969482422,45.36000061035156
168.63999938964844,153.9199981689453,45.11000061035156
168.8800048828125,152.49000549316406,44.650001525878906
172.7899932861328,154.72000122070312,44.790000915527344
172.5500030517578,155,44.50999832
168.8800048828125,151.42999267578125,46.293331146240234
167.3000030517578,152.13999938964844,45.996665954589844
164.32000732421875,151.8699951171875,45.483333587646484
160.07000732421875,148.69000244140625,45.016666412353516
162.74000549316406,144.5500030517578,44.84333419799805
164.85000610351562,147.97000122070312,45.459999084472656
165.1199951171875,141.8000030517578,45.05333328
163.1999969482422,136.4499969482422,45.33000183105469
166.55999755859375,139.27999877929688,45.38666534423828
166.22999572753906,138.2899932861328,46.43000030517578
163.1699981689453,134.39999389648438,47.606666564941406
159.3000030517578,129.2100067138672,47.223331451416016
157.44000244140625,128.3000030517578,46.246665954589844
162.9499969482422,133.44000244140625,46.48666763305664
158.52000427246094,131.86000061035156,47.543331146240234
154.72999572753906,128.88999938964844,47.356666564941406
150.6199951171875,130.1699981689453,48.016666412353516
155.08999633789062,132.47999572753906,48.59333419799805
159.58999633789062,138.39999389648438,48.45000076293945
160.6199951171875,140.14999389648438,48.336666107177734
163.97999572753906,140.10000610351562,48.47999954223633
165.3800048828125,139.64999389648438,48.07666778564453
168.82000732421875,142.6199951171875,47.93333435058594
170.2100067138672,139.77999877929688,47.31666564941406
174.07000732421875,140.69000244140625,47.61000061035156
174.72000122070312,141.9199981689453,47.81666564941406
175.60000610351562,140.8699951171875,48.66666793823242
178.9600067138672,141.17999267578125,49.07666778564453
177.77000427246094,140.5399932861328,49.956668853759766
174.61000061035156,136.32000732421875,49.63999938964844
174.30999755859375,135.30999755859375,50.336666107177734
178.44000244140625,135.91000366210938,50.34666824
175.05999755859375,133.33999633789062,50.49000168
171.8300018310547,131.49000549316406,51.663333892822266
172.13999938964844,131.08999633789062,52.18000030517578
170.08999633789062,133.49000549316406,52.470001220703125
165.75,133,51.43000030517578
167.66000366210938,131.5399932861328,51.07666778564453
170.39999389648438,127.30000305175781,52.40666580200195
165.2899932861328,126.12000274658203,52.36000061035156
165.07000732421875,128.4600067138672,51.959999084472656
167.39999389648438,131.1199951171875,52.54999923706055
167.22999572753906,131.5800018310547,53.209999084472656
166.4199981689453,130.55999755859375,53.290000915527344
161.7899932861328,126.80999755859375,52.28666687011719
162.8800048828125,126.7699966430664,52.313331604003906
156.8000030517578,123.0199966430664,51.766666412353516
156.57000732421875,121.41999816894531,51.413333892822266
163.63999938964844,123.33999633789062,52.06999969482422
157.64999389648438,119.36000061035156,50.996665954589844
157.9600067138672,120.44999694824219,50.65999984741211
159.47999572753906,123.02999877929688,50.836666107177734
166.02000427246094,127.0999984741211,51.540000915527344
156.77000427246094,123.91999816894531,50.913333892822266
157.27999877929688,123.72000122070312,49.85333251953125
152.05999755859375,121.86000061035156,50.436668395996094
154.50999450683594,118.88999938964844,49.72666549682617
146.5,118.13999938964844,49.206668853759766
142.55999755859375,118.04000091552734,49.15999984741211
147.11000061035156,119.08999633789062,49.349998474121094
145.5399932861328,118.26000213623047,49.40333176
149.24000549316406,122.18000030517578,43.78333282470703
140.82000732421875,120.08999633789062,40.810001373291016
137.35000610351562,118.30999755859375,39.689998626708984
137.58999633789062,117.33999633789062,39.733333587646484
143.11000061035156,124.5999984741211,40.866668701171875
140.36000061035156,126.36000061035156,41.37666702270508
140.52000427246094,127.23999786376953,41.12333297729492
143.77999877929688,129.44000244140625,42
149.63999938964844,131.27000427246094,42.82666778564453
148.83999633789062,132.22999572753906,42.87666702270508
148.7100067138672,129.91000366210938,41.81666564941406
151.2100067138672,132,42.503334045410156
145.3800048828125,130.16000366210938,41.77333450317383
146.13999938964844,129.72999572753906,41.62333297729492
148.7100067138672,130.07000732421875,41.12333297729492
147.9600067138672,128,40.766666412353516
142.63999938964844,125.30999755859375,40.34000015258789
137.1300048828125,119.55000305175781,40.56666564941406
131.8800048828125,115.98999786376953,39.80333328
132.75999450683594,114.05999755859375,39.81999969482422
135.42999267578125,115.41000366210938,39.793331146240234
130.05999755859375,113.43000030517578,40.206668853759766
131.55999755859375,113.02999877929688,39.43000030517578
135.8699951171875,115.83000183105469,40.723331451416016
135.35000610351562,115.18000030517578,40.22999954223633
138.27000427246094,113.91999816894531,41.206668853759766
141.66000366210938,117.31999969482422,41.24000168
141.66000366210938,116.37999725341797,41.37333297729492
137.44000244140625,115.81999969482422,40.790000915527344
139.22999572753906,115.30000305175781,40.63999938964844
136.72000122070312,112.61000061035156,40.526668548583984
138.92999267578125,114.05000305175781,40.87666702270508
141.55999755859375,112.62000274658203,41.41666793823242
142.9199981689453,111.88999938964844,41.709999084472656
146.35000610351562,114.72000122070312,41.77333450317383
147.0399932861328,114.36000061035156,41.79999923706055
144.8699951171875,112.86000061035156,41.81666564941406
145.86000061035156,112.97000122070312,41.689998626708984
145.49000549316406,111.91000366210938,41.790000915527344
148.47000122070312,108,42.606666564941406
150.1699981689453,112.94999694824219,43.02333450317383
147.07000732421875,111.79000091552734,42.92333221435547
151,114.55999755859375,43.186668395996094
153.0399932861328,114.54000091552734,43.54666519165039
155.35000610351562,115.31999969482422,44.18333435058594
154.08999633789062,114.76000213623047,44.06999969482422
152.9499969482422,115.22000122070312,44.00666809082031
151.60000610351562,113.41999816894531,40.65999984741211
156.7899932861328,115.23999786376953,42.19666672
157.35000610351562,114.80999755859375,43.25
162.50999450683594,115.36000061035156,44.016666412353516
161.50999450683594,114.20999908447266,44.18000030517578
160.00999450683594,112.43000030517578,44.22666549682617
166.1300048828125,113.61000061035156,43.5
165.80999755859375,112.36000061035156,41.856666564941406
165.35000610351562,115.76000213623047,42.19333267211914
164.8699951171875,114.3499984741211,42.53666687011719
164.9199981689453,115.37999725341797,42.956668853759766
169.24000549316406,118.38999938964844,43.04666519165039
168.49000549316406,120.13999938964844,43.27333450317383
172.10000610351562,122.12999725341797,44.073333740234375
173.19000244140625,122.45999908447266,44.20000076293945
173.02999877929688,123.62999725341797,46.456668853759766
174.5500030517578,122.58999633789062,46.50666809082031
174.14999389648438,121.63999938964844,46.356666564941406
171.52000427246094,118.62999725341797,45.67333221435547
167.57000732421875,116.66999816894531,44.856666564941406
167.22999572753906,115.5199966430664,44.66666793823242
167.52999877929688,115.80000305175781,44.99000168
170.02999877929688,118.55000305175781,45.290000915527344
163.6199951171875,114.66999816894531,43.866668701171875
161.3800048828125,114.38999938964844,44.293331146240234
158.91000366210938,114.41000366210938,44.15999984741211
157.22000122070312,113.7300033569336,44.18333435058594
157.9600067138672,114.51000213623047,44.82666778564453
155.80999755859375,113.70999908447266,44.33333206176758
154.52999877929688,113.73999786376953,44.11333465576172
155.9600067138672,115.9000015258789,45.246665954589844
154.4600067138672,118.5999984741211,45.47666549682617
157.3699951171875,119.16999816894531,45.61333465576172
163.42999267578125,120.58000183105469,46.02333450317383
153.83999633789062,116.38999938964844,45.073333740234375
155.30999755859375,116.12000274658203,44.973331451416016
152.3699951171875,117.87000274658203,44.49000168
150.6999969482422,117.08000183105469,44.39666748046875
154.47999572753906,118.16000366210938,44.776668548583984
156.89999389648438,115.83000183105469,44.516666412353516
153.72000122070312,112.48999786376953,44.92333221435547
152.74000549316406,111.20999908447266,44.46333312988281
150.42999267578125,109.13999938964844,43.35333251953125
150.77000427246094,106.79000091552734,43.77000045776367
151.75999450683594,105.8499984741211,43.650001525878906
149.83999633789062,107.98999786376953,44.369998931884766
142.47999572753906,106.16000366210938,44.08333206176758
138.1999969482422,104.5,43.233333587646484
142.4499969482422,107.7300033569336,44.176666259765625
146.10000610351562,112.7699966430664,44.75
146.39999389648438,110.38999938964844,44.30666732788086
145.42999267578125,108.13999938964844,43.893333435058594
140.08999633789062,105.9800033569336,42.85333251953125
140.4199981689453,104.98999786376953,43.106666564941406
138.97999572753906,101.95999908447266,44.223331451416016
138.33999633789062,103.61000061035156,43.723331451416016
142.99000549316406,109.37000274658203,44.09333419799805
138.3800048828125,111.19000244140625,43.47666549682617
142.41000366210938,115.86000061035156,43.790000915527344
143.75,118.83999633789062,44.71333312988281
143.86000061035156,116.51000213623047,44.586666107177734
143.38999938964844,116.12999725341797,44.69666672
147.27000427246094,122.2300033569336,45.599998474121094
149.4499969482422,122.37999725341797,46.470001220703125
152.33999633789062,122.69999694824219,46.689998626708984
149.35000610351562,124.11000061035156,47.04666519165039
144.8000030517578,124.5999984741211,46.90999984741211
155.74000549316406,126.08000183105469,47.503334045410156
153.33999633789062,125.87999725341797,47.44333267211914
150.64999389648438,128.14999389648438,47.22999954223633
145.02999877929688,126.97000122070312,46.91666793823242
138.8800048828125,127.19999694824219,46.90666580200195
138.3800048828125,130.67999267578125,46.99000168
138.9199981689453,131.3699951171875,47.483333587646484
139.5,131.4499969482422,47.59666824
134.8699951171875,129.74000549316406,46.49000168
146.8699951171875,135.0800018310547,47.45333480834961
149.6999969482422,135.3000030517578,47.526668548583984
148.27999877929688,133.91000366210938,46.130001068115234
150.0399932861328,132.94000244140625,49.14666748046875
148.7899932861328,133.1199951171875,49.5
150.72000122070312,132.5399932861328,49.33333206176758
151.2899932861328,133.83999633789062,50.07666778564453
148.00999450683594,133.0500030517578,50.383331298828125
150.17999267578125,135.0399932861328,50.563331604003906
151.07000732421875,136.47999572753906,50.80666732788086
148.11000061035156,136.74000549316406,51.02333450317383
144.22000122070312,134.35000610351562,51.16999816894531
141.1699981689453,136.55999755859375,50.99000168
148.02999877929688,138.17999267578125,50.80666732788086
148.30999755859375,136.24000549316406,51.12333297729492
147.80999755859375,135.16000366210938,51.073333740234375
146.6300048828125,131.3699951171875,50.54999923706055
142.91000366210938,131.58999633789062,49.96333312988281
140.94000244140625,131.5,49.70333480834961
142.64999389648438,132.8800048828125,49.59333419799805
142.16000366210938,132.16000366210938,48.436668395996094
144.49000549316406,134.2100067138672,49.34000015258789
145.47000122070312,134.0800018310547,49.163333892822266
143.2100067138672,133.41000366210938,48.88999938964844
136.5,130.10000610351562,48.45333480834961
134.50999450683594,129.2899932861328,47.58333206176758
132.3699951171875,130.05999755859375,47.599998474121094
132.3000030517578,130.69000244140625,48.016666412353516
135.4499969482422,132.16000366210938,48.393333435058594
132.22999572753906,130.66000366210938,47.82666778564453
131.86000061035156,131.27999877929688,47.92333221435547
130.02999877929688,131.74000549316406,47.936668395996094
126.04000091552734,132.4600067138672,47.09666824
129.61000061035156,133.22000122070312,47.383331298828125
129.92999267578125,134.10000610351562,47.26333236694336
125.06999969482422,135.1199951171875,47.866668701171875
126.36000061035156,136.3800048828125,47.91999816894531
125.0199966430664,135.35000610351562,47.75666809082031
129.6199951171875,137.94000244140625,48.926666259765625
130.14999389648438,137.3699951171875,48.31666564941406
130.72999572753906,138.60000610351562,48.28666687011719
133.49000549316406,139.6300048828125,48.709999084472656
133.41000366210938,139.49000549316406,48.27000045776367
134.75999450683594,143.00999450683594,48.43000030517578
135.94000244140625,140.8000030517578,48.13666534423828
135.2100067138672,136.57000732421875,46.94666672
135.27000427246094,134.75,46.276668548583984
137.8699951171875,135.0800018310547,46.84666824
141.11000061035156,137.27000427246094,47.54666519165039
142.52999877929688,138.4499969482422,47.67333221435547
141.86000061035156,139.1199951171875,47.44666672
143.9600067138672,139.97999572753906,47.40333176
145.92999267578125,140.32000732421875,47.766666412353516
143,139.1300048828125,47.383331298828125
144.2899932861328,139.9600067138672,47.956668853759766
145.42999267578125,139.58999633789062,48.223331451416016
150.82000732421875,138.94000244140625,47.87333297729492
154.5,141.08999633789062,47.23666763305664
151.72999572753906,141.9199981689453,46.893333435058594
154.64999389648438,143.64999389648438,46.99333190917969
151.9199981689453,142.63999938964844,46.74000168
150.8699951171875,140.4199981689453,47.17333221435547
151.00999450683594,141.0399932861328,47.90666580200195
153.85000610351562,142.57000732421875,48.63666534423828
153.1999969482422,143.1999969482422,48.496665954589844
155.3300018310547,143.8000030517578,48.856666564941406
153.7100067138672,141.82000732421875,48.09000015258789
152.5500030517578,142.24000549316406,48.813331604003906
148.47999572753906,139.6300048828125,49.11000061035156
148.91000366210938,138.55999755859375,48.08000183105469
149.39999389648438,139.6699981689453,47.36333465576172
146.7100067138672,140.92999267578125,47.49000168
147.9199981689453,142.16000366210938,47.14666748046875
147.41000366210938,143.35000610351562,47.37666702270508
145.30999755859375,142.5500030517578,46.71666717529297
145.91000366210938,141.07000732421875,46.83333206176758
151.02999877929688,143.66000366210938,46.88999938964844
153.8300018310547,142.82000732421875,46.883331298828125
151.60000610351562,138.6199951171875,46.41666793823242
152.8699951171875,137.8000030517578,46.03333282470703
150.58999633789062,130.33999633789062,45.723331451416016
148.5,133.64999389648438,45.65666580200195
150.47000122070312,131.25,45.790000915527344
152.58999633789062,134.6199951171875,46.03333282470703
152.99000549316406,128.25999450683594,46.54666519165039
155.85000610351562,130.75,46.09333419799805
155,125.80999755859375,46.46666717529297
157.39999389648438,127.13999938964844,46.96666717529297
159.27999877929688,130.5500030517578,46.80666732788086
157.8300018310547,127.18000030517578,46.50666809082031
158.92999267578125,126.83999633789062,46.883331298828125
160.25,124.91000366210938,47.266666412353516
158.27999877929688,128.49000549316406,48.05666732788086
157.64999389648438,128.8800048828125,47.869998931884766
160.77000427246094,129.13999938964844,48.07666778564453
162.36000061035156,128.75,48.55666732788086
164.89999389648438,130.30999755859375,49.150001525878906
166.1699981689453,130.16000366210938,49.563331604003906
165.6300048828125,128.4199981689453,49.07666778564453
163.75999450683594,127.61000061035156,49.88999938964844
164.66000366210938,127.47000122070312,50.266666412353516
162.02999877929688,127.88999938964844,50.16999816894531
160.8000030517578,128.52000427246094,50.02333450317383
160.10000610351562,128.5,49.779998779296875
165.55999755859375,128.99000549316406,49.83000183105469
165.2100067138672,138.72999572753906,49.49333190917969
165.22999572753906,139.8300018310547,49.84000015258789
166.47000122070312,141.39999389648438,49.95000076293945
167.6300048828125,141.22000122070312,50.003334045410156
166.64999389648438,140.80999755859375,50.323333740234375
165.02000427246094,140.5399932861328,50.57666778564453
165.3300018310547,140.72999572753906,50.91999816894531
163.77000427246094,137.6699981689453,50.52333450317383
163.75999450683594,135.22999572753906,50.30333328
168.41000366210938,137.0500030517578,50.459999084472656
169.67999267578125,138.24000549316406,50.323333740234375
169.58999633789062,141.1999969482422,50.529998779296875
168.5399932861328,138.9199981689453,50.393333435058594
167.4499969482422,135.97999572753906,50.206668853759766
165.7899932861328,134.1199951171875,50.15666580200195
173.57000732421875,136.74000549316406,50.59000015258789
173.5,137.07000732421875,50.90666580200195
171.77000427246094,136.41000366210938,50.99333190917969
173.55999755859375,136.47999572753906,50.849998474121094
173.75,136.0500030517578,51.040000915527344
172.57000732421875,134.10000610351562,51.02333450317383
172.07000732421875,135.22999572753906,50.62666702270508
172.07000732421875,134.32000732421875,49.926666259765625
172.69000244140625,138.4499969482422,49.84333419799805
175.0500030517578,139.5,50.49000168
175.16000366210938,139.17999267578125,49.970001220703125
174.1999969482422,138.02999877929688,49.529998779296875
171.55999755859375,136.58999633789062,49.436668395996094
171.83999633789062,135.33999633789062,49.209999084472656
172.99000549316406,135.6699981689453,48.720001220703125
175.42999267578125,136.94000244140625,48.80666732788086
177.3000030517578,137.4600067138672,48.686668395996094
177.25,135.7100067138672,48.956668853759766
180.08999633789062,137.5800018310547,49.13666534423828
180.9499969482422,140.47000122070312,49.606666564941406
179.5800018310547,139.08999633789062,49.93333435058594
179.2100067138672,139.33999633789062,49.926666259765625
177.82000732421875,140.69000244140625,50
180.57000732421875,140.72999572753906,50.723331451416016
180.9600067138672,141.00999450683594,51.029998779296875
183.7899932861328,141,51.366668701171875
183.30999755859375,142.02000427246094,51.766666412353516
183.9499969482422,141.49000549316406,52.290000915527344
186.00999450683594,143.08999633789062,52.57666778564453
184.9199981689453,143.25999450683594,51.84333419799805
185.00999450683594,142.52999877929688,51.38666534423828
183.9600067138672,142.32000732421875,51.48666763305664
187,139.5800018310547,51.91666793823242
186.67999267578125,138.85000610351562,51.81999969482422
185.27000427246094,139.19000244140625,51.68333435058594
188.05999755859375,139.1999969482422,51.496665954589844
189.25,138.58999633789062,51.776668548583984
189.58999633789062,143.42999267578125,51.426666259765625
193.97000122070312,145.44000244140625,52.393333435058594
192.4600067138672,146.61000061035156,52.733333587646484
191.3300018310547,144.63999938964844,52.70333480834961
191.80999755859375,143.2100067138672,52.369998931884766
190.67999267578125,144.33999633789062,51.163333892822266
188.61000061035156,145.14999389648438,51.62666702270508
188.0800018310547,147.4199981689453,51.54999923706055
189.77000427246094,148.14999389648438,51.68000030517578
190.5399932861328,148.8699951171875,51.37666702270508
190.69000244140625,149.77000427246094,51.55333328
193.99000549316406,153.3800048828125,51.616668701171875
193.72999572753906,153.66000366210938,51.52333450317383
195.10000610351562,154.25,51.540000915527344
193.1300048828125,156.14999389648438,52.49333190917969
191.94000244140625,154.9499969482422,52.790000915527344
192.75,158,53.099998474121094
193.6199951171875,156.82000732421875,53.05666732788086
194.5,157.75999450683594,53.246665954589844
193.22000122070312,156.02000427246094,53.05333328
195.8300018310547,156.91000366210938,53.30333328
196.4499969482422,157.9600067138672,53.28666687011719
195.61000061035156,157.17999267578125,53.03666687011719
192.5800018310547,155.39999389648438,53.073333740234375
191.1699981689453,156.35000610351562,53.086666107177734
181.99000549316406,156.02000427246094,52.779998779296875
178.85000610351562,156.75999450683594,53.496665954589844
179.8000030517578,155.8800048828125,53.54999923706055
178.19000244140625,153.7899932861328,53.63666534423828
177.97000122070312,153.55999755859375,53.41999816894531
177.7899932861328,154.4499969482422,53.733333587646484
179.4600067138672,154.77000427246094,53.33333206176758
177.4499969482422,150.8300018310547,53.060001373291016
176.57000732421875,150.19000244140625,53.086666107177734
174,148.6300048828125,51.89666748046875
174.49000549316406,148.97000122070312,52.643333435058594
175.83999633789062,149.47999572753906,52.503334045410156
177.22999572753906,146.3800048828125,52.336666107177734
181.1199951171875,147.3699951171875,52.70000076293945
176.3800048828125,147.22999572753906,52.29666519165039
178.61000061035156,147.0500030517578,52.606666564941406
180.19000244140625,147.55999755859375,52.90666580200195
184.1199951171875,148.75999450683594,53.349998474121094
187.64999389648438,148.16000366210938,53.733333587646484
187.8699951171875,146.3300018310547,54.20333480834961
189.4600067138672,146.82000732421875,53.856666564941406
189.6999969482422,145.1999969482422,53.42333221435547
182.91000366210938,144.9600067138672,53.823333740234375
177.55999755859375,143.72000122070312,54.49000168
178.17999267578125,143.8300018310547,54.59000015258789
179.36000061035156,144.4600067138672,54.779998779296875
176.3000030517578,146.33999633789062,54.84000015258789
174.2100067138672,146.41000366210938,54.85333251953125
175.74000549316406,149.25,55.08333206176758
175.00999450683594,148.80999755859375,54.880001068115234
177.97000122070312,149.1199951171875,54.473331451416016
179.07000732421875,148.92999267578125,54.459999084472656
175.49000549316406,148.3000030517578,54.63666534423828
173.92999267578125,147.13999938964844,53.973331451416016
174.7899932861328,145.72999572753906,54.116668701171875
176.0800018310547,146.4499969482422,54.356666564941406
171.9600067138672,144.92999267578125,54.16666793823242
170.42999267578125,145.77999877929688,53.90666580200195
170.69000244140625,147.58999633789062,54.18000030517578
171.2100067138672,145.02000427246094,53.310001373291016
173.75,143.77000427246094,53.366668701171875
172.39999389648438,142.7100067138672,53.029998779296875
173.66000366210938,143.35000610351562,53.66666793823242
174.91000366210938,142.89999389648438,53.026668548583984
177.49000549316406,145.10000610351562,52.13666534423828
178.99000549316406,144.77000427246094,51.94666672
178.38999938964844,145.64999389648438,52.53333282470703
179.8000030517578,146.14999389648438,52.74333190917969
180.7100067138672,145.80999755859375,52.983333587646484
178.85000610351562,148,53.276668548583984
178.72000122070312,147.85000610351562,53.73666763305664
177.14999389648438,147.52999877929688,53.80666732788086
175.83999633789062,145.91000366210938,53.84666824
175.4600067138672,145.2899932861328,53.59000015258789
172.8800048828125,142.9499969482422,52.91999816894531
173,141,53.66999816894531
173.44000244140625,141.1699981689453,54.41666793823242
171.10000610351562,140.39999389648438,54.253334045410156
166.88999938964844,140.75999450683594,53.92333221435547
168.22000122070312,135.69000244140625,53.723331451416016
170.2899932861328,137.4199981689453,54.34000015258789
170.77000427246094,139.05999755859375,54.470001220703125
173.97000122070312,138.94000244140625,54.956668853759766
177.57000732421875,141.4199981689453,55.17333221435547
176.64999389648438,143,54.88666534423828
179.22999572753906,144.0800018310547,54.959999084472656
181.82000732421875,144.00999450683594,55.21666717529297
182.88999938964844,144.72000122070312,54.766666412353516
182.41000366210938,144.2899932861328,54.63999938964844
186.39999389648438,146.42999267578125,55.39666748046875
184.8000030517578,145.77999877929688,55.893333435058594
187.44000244140625,148.44000244140625,55.883331298828125
188.00999450683594,149.74000549316406,56.59333419799805
189.7100067138672,151.4499969482422,52.01333236694336
189.69000244140625,152.82000732421875,51.78333282470703
191.4499969482422,153.2899932861328,51.766666412353516
190.63999938964844,152.97000122070312,51.95333480834961
191.30999755859375,153.3300018310547,51.55666732788086
189.97000122070312,153.5399932861328,52.02000045776367
189.7899932861328,153.19000244140625,52.25666809082031
190.39999389648438,153.5399932861328,52.880001068115234
189.3699951171875,154.32000732421875,52.026668548583984
189.9499969482422,156.0800018310547,51.89666748046875
191.24000549316406,156.83999633789062,51.44666672
189.42999267578125,157.99000549316406,51.43333435058594
193.4199981689453,157.97000122070312,51.90999984741211
192.32000732421875,156.30999755859375,51.34666824
194.27000427246094,156.7899932861328,50.81999969482422
195.7100067138672,158.52000427246094,50.28666687011719
193.17999267578125,159.10000610351562,50.413333892822266
194.7100067138672,160.52000427246094,50.45333480834961
197.9600067138672,161.05999755859375,51.349998474121094
198.11000061035156,163.99000549316406,50.723331451416016
197.57000732421875,165.22999572753906,50.913333892822266
195.88999938964844,166.22999572753906,51.65666580200195
196.94000244140625,168.4499969482422,51.84333419799805
194.8300018310547,166.5500030517578,51.23666763305664
194.67999267578125,167.5,51.599998474121094
193.60000610351562,167.39999389648438,52.21666717529297
193.0500030517578,168.38999938964844,52.13666534423828
193.14999389648438,169.39999389648438,52.62666702270508
193.5800018310547,170.3000030517578,52.52333450317383
192.52999877929688,170.10000610351562,52.54999923706055
