USO,GLD,UNG
96.55999755859375,125.1500015258789,96.16000366210938
98.72000122070312,124.81999969482422,94.55999755859375
98.95999908447266,125.45999908447266,90.72000122070312
98.48000336,125.33000183105469,88.31999969482422
99.04000091552734,125.30999755859375,89.19999694824219
100.55999755859375,124.7300033569336,93.19999694824219
101.44000244140625,125.02999877929688,91.95999908447266
101.5999984741211,125.44000244140625,97.59999847
102.95999908447266,126.95999908447266,101.12000274658203
102.08000183105469,127.16999816894531,98.40000153
102.23999786376953,126.13999938964844,102.4000015258789
102.08000183105469,125.86000061035156,100.76000213623047
101.76000213623047,126.41999816894531,99.44000244140625
102.23999786376953,126.6500015258789,99.40000153
103.76000213623047,127.27999877929688,103.76000213623047
105.76000213623047,128.8300018310547,102.87999725341797
104.4800033569336,127.97000122070312,104.68000030517578
105.91999816894531,128.07000732421875,107.08000183105469
104.87999725341797,127.3499984741211,107.36000061035156
103.19999694824219,126.80000305175781,107.08000183105469
103.83999633789062,127.6500015258789,100.31999969482422
105.91999816894531,128.07000732421875,97.40000153
104.31999969482422,126.38999938964844,96.80000305175781
102.16000366210938,126.70999908447266,92.95999908447266
101.5999984741211,125.37999725341797,93.19999694824219
98.95999908447266,124.79000091552734,91.19999694824219
96.72000122070312,124.9800033569336,90.95999908447266
94.87999725341797,124.7699966430664,88.12000274658203
95.12000274658203,125.37000274658203,86.68000030517578
94.95999908447266,126.08000183105469,88
97.44000244140625,128.22999572753906,87.95999908447266
98.63999938964844,128.3800048828125,87.48000336
99.04000091552734,127.95999908447266,86.76000213623047
99.12000274658203,126.23999786376953,88.72000122070312
98.31999969482422,125.66000366210938,89.19999694824219
100.72000122070312,126.30000305175781,88.55999755859375
102.16000366210938,126.13999938964844,88.87999725341797
102.87999725341797,126.44999694824219,89.55999755859375
101.19999694824219,125.12999725341797,89.55999755859375
98.95999908447266,125,89.04000091552734
98.80000305175781,124.72000122070312,89.80000305175781
98.95999908447266,125.38999938964844,90.31999969482422
100.72000122070312,125.18000030517578,90.12000274658203
100.55999755859375,126.52999877929688,91.80000305175781
98.80000305175781,125.72000122070312,92.87999725341797
97.19999694824219,125.41999816894531,91.68000030517578
99.76000213623047,125.54000091552734,90.95999908447266
98.95999908447266,125.54000091552734,92.83999633789062
97.91999816894531,125.77999877929688,92.95999908447266
98.23999786376953,125.69999694824219,91.27999877929688
98.72000122070312,124.9000015258789,89.59999847
100.4000015258789,124.5999984741211,89.91999816894531
100.4000015258789,124.87000274658203,88.51999664
102.4800033569336,124.30999755859375,89.16000366210938
105.44000244140625,126.4800033569336,88.23999786376953
103.5999984741211,125.9800033569336,87.51999664
106.23999786376953,127.61000061035156,86.72000122070312
105.68000030517578,128.27999877929688,88.12000274658203
104.63999938964844,127.48999786376953,89.44000244140625
104.31999969482422,125.7300033569336,89.19999694824219
104.72000122070312,125.79000091552734,90.19999694824219
101.91999816894531,127.26000213623047,88.16000366210938
102.4800033569336,126.30000305175781,88.91999816894531
102.55999755859375,126.44999694824219,89.31999969482422
102.63999938964844,125.80000305175781,88.36000061035156
100.08000183105469,126.38999938964844,88.95999908447266
102.16000366210938,126.81999969482422,89
106,127.12000274658203,87.76000213623047
107.5999984741211,128.11000061035156,88.08000183105469
108.16000366210938,126.62000274658203,88.76000213623047
108.4000015258789,127.44999694824219,90.27999877929688
107.04000091552734,127.62999725341797,90.76000213623047
107.27999877929688,127.75,90.40000153
111.04000091552734,127.8499984741211,90.44000244140625
110.16000366210938,127.5999984741211,88.36000061035156
110,126.62999725341797,90.23999786376953
111.36000061035156,125.62000274658203,90.48000336
109.44000244140625,126.2300033569336,91.63999938964844
109.76000213623047,125.41000366210938,91.72000122070312
110.16000366210938,124.97000122070312,92.19999694824219
109.83999633789062,125.5,90.40000153
110.4000015258789,124.58999633789062,90.23999786376953
108.87999725341797,123.70999908447266,91.31999969482422
109.36000061035156,123.6500015258789,89.91999816894531
110.55999755859375,124.27999877929688,89.23999786376953
112.72000122070312,124.54000091552734,88.59999847
112.80000305175781,124.56999969482422,89.19999694824219
112.4800033569336,124.58999633789062,89.31999969482422
114.95999908447266,124.33000183105469,89.19999694824219
115.27999877929688,125.18000030517578,91.51999664
114,125,91.80000305175781
115.04000091552734,124.48999786376953,92.51999664
115.19999694824219,122.4800033569336,92.51999664
115.68000030517578,122.29000091552734,91.80000305175781
115.91999816894531,122.36000061035156,93.04000091552734
115.44000244140625,122.41000366210938,92.76000213623047
117.36000061035156,122.4800033569336,92.51999664
116.4800033569336,122.41000366210938,94.87999725341797
116.08000183105469,122.54000091552734,95.68000030517578
114.31999969482422,123.58999633789062,96.08000183105469
109.44000244140625,123.20999908447266,95.87999725341797
108.08000183105469,123.19000244140625,93.87999725341797
110.63999938964844,123.37000274658203,93.48000336
108.4000015258789,123.0999984741211,95.55999755859375
106,122.48999786376953,96.12000274658203
104.95999908447266,122.37000274658203,94.68000030517578
105.76000213623047,122.8499984741211,93.48000336
105.27999877929688,122.91999816894531,93.80000305175781
106.80000305175781,122.86000061035156,94.83999633789062
106.16000366210938,123.01000213623047,93.95999908447266
106.87999725341797,123.2300033569336,95.31999969482422
107.19999694824219,122.81999969482422,95.16000366210938
107.76000213623047,123.19000244140625,95.80000305175781
108.16000366210938,123.37999725341797,96.08000183105469
104.4000015258789,121.33999633789062,98.08000183105469
106.31999969482422,121.11000061035156,96
105.12000274658203,120.80000305175781,94.59999847
106.23999786376953,120.26000213623047,96.12000274658203
106.4800033569336,120.05000305175781,96.40000153
112.16000366210938,120.33999633789062,95.48000336
110.16000366210938,119.88999938964844,94.95999908447266
114.16000366210938,119.26000213623047,95.31999969482422
117.19999694824219,118.58000183105469,96.80000305175781
118.87999725341797,118.22000122070312,95.72000122070312
120.4800033569336,118.6500015258789,94.80000305175781
119.68000030517578,117.45999908447266,92.91999816894531
119.36000061035156,118.6500015258789,93.76000213623047
118.23999786376953,119.05000305175781,91.83999633789062
119.68000030517578,118.86000061035156,92.63999938964844
120.23999786376953,119.1500015258789,91.83999633789062
120.55999755859375,118.93000030517578,90.31999969482422
114.4800033569336,117.63999938964844,91.59999847
115.12000274658203,118.12999725341797,90.83999633789062
115.76000213623047,117.61000061035156,89.63999938964844
111.5199966430664,117.55000305175781,89.63999938964844
111.5999984741211,116.27999877929688,88.80000305175781
112.80000305175781,116.30999755859375,88.59999847
113.04000091552734,115.80999755859375,89.76000213623047
113.19999694824219,116.55999755859375,89.51999664
112.72000122070312,116,88.36000061035156
113.83999633789062,116.04000091552734,89.27999877929688
115.36000061035156,116.68000030517578,90.40000153
115.76000213623047,115.7699966430664,90.48000336
114.55999755859375,115.83000183105469,91.23999786376953
116.31999969482422,115.6500015258789,91.83999633789062
114.23999786376953,115.98999786376953,91.23999786376953
112.72000122070312,115.13999938964844,90.63999938964844
114.87999725341797,114.5199966430664,92.31999969482422
114.16000366210938,114.91999816894531,93.36000061035156
114.4800033569336,114.33000183105469,93.72000122070312
114.87999725341797,114.58999633789062,94.95999908447266
111.19999694824219,114.91000366210938,96.51999664
111.04000091552734,114.73999786376953,96.83999633789062
112.63999938964844,114.69000244140625,96.51999664
112.08000183105469,112.95999908447266,96.16000366210938
111.91999816894531,113.06999969482422,96.87999725341797
108.08000183105469,111.19000244140625,96.55999755859375
109.04000091552734,111.0999984741211,95.44000244140625
109.5199966430664,112.12999725341797,96.72000122070312
110.08000183105469,112.69000244140625,96.59999847
110.63999938964844,113.0199966430664,97.51999664
114.16000366210938,113.2699966430664,96.72000122070312
114.16000366210938,112.19999694824219,96.91999816894531
115.44000244140625,114.16000366210938,95.51999664
116,114.58999633789062,94.08000183105469
115.44000244140625,113.68000030517578,93.40000153
117.27999877929688,114.19999694824219,94.19999694824219
118,113.63999938964844,94.59999847
117.68000030517578,113.51000213623047,95.80000305175781
116.63999938964844,112.93000030517578,92.44000244140625
115.91999816894531,113.31999969482422,91.72000122070312
114.4000015258789,113.54000091552734,91.23999786376953
114.23999786376953,113.2300033569336,91.19999694824219
113.68000030517578,113.1500015258789,92.08000183105469
116.80000305175781,113.22000122070312,92.83999633789062
118.23999786376953,114.16999816894531,92.83999633789062
115.91999816894531,113.76000213623047,92.23999786376953
116,113.0199966430664,90.76000213623047
115.76000213623047,113.61000061035156,91.83999633789062
117.5199966430664,113.44000244140625,95.36000061035156
119.5199966430664,113.87999725341797,95.08000183105469
118.4000015258789,114.2699966430664,97.48000336
119.68000030517578,113.48999786376953,98.36000061035156
122,113.47000122070312,100.31999969482422
122.16000366210938,113.6500015258789,100.80000305175781
120.87999725341797,113.05000305175781,98.51999664
122.08000183105469,112.05000305175781,100.95999908447266
124.16000366210938,112.76000213623047,99.31999969482422
127.5999984741211,112.56999969482422,102.83999633789062
126.95999908447266,113.87000274658203,104.44000244140625
128.63999938964844,113.41999816894531,107.4000015258789
125.91999816894531,113.4800033569336,105.27999877929688
125.5199966430664,113.80000305175781,104.23999786376953
125.44000244140625,112.54000091552734,108.27999877929688
126.55999755859375,112.5999984741211,108.44000244140625
123.04000091552734,112.87999725341797,107.91999816894531
119.5999984741211,115.77999877929688,106.5199966430664
120.95999908447266,115.2300033569336,104.23999786376953
121.04000091552734,116,107.5199966430664
121.5199966430664,115.80000305175781,107.19999694824219
118.55999755859375,115.79000091552734,109.87999725341797
116.4800033569336,115.91999816894531,106.4800033569336
117.76000213623047,116.01000213623047,107.23999786376953
117.91999816894531,115.70999908447266,104.19999694824219
112.31999969482422,116.38999938964844,106.63999938964844
112.4000015258789,116.66000366210938,105.5199966430664
113.68000030517578,116.4000015258789,105.08000183105469
114.63999938964844,116.7699966430664,105.44000244140625
112.87999725341797,116.30999755859375,103.68000030517578
112.23999786376953,115.80000305175781,104.23999786376953
110.31999969482422,115.1500015258789,106.80000305175781
107.68000030517578,116.62999725341797,105.5999984741211
106.4800033569336,116.6500015258789,107
106.4000015258789,116.37000274658203,115.72000122070312
105.44000244140625,116.04000091552734,115.04000091552734
104.4800033569336,116.02999877929688,114.72000122070312
102.72000122070312,115.77999877929688,115.76000213623047
101.5999984741211,114.4800033569336,120.95999908447266
99.83999633789062,113.66000366210938,126.23999786376953
93.51999664,113.69999694824219,132.27999877929688
95.59999847,114.63999938964844,157.27999877929688
95.83999633789062,114.7699966430664,127.19999694824219
96.55999755859375,115.62000274658203,141.72000122070312
97.12000274658203,115.66999816894531,148.8000030517578
90.16000366210938,115.66999816894531,146.72000122070312
92.16000366210938,115.86000061035156,145.1999969482422
86.63999938964844,115.7699966430664,145.52000427246094
87.51999664,115.63999938964844,138.24000549316406
87.59999847,114.94999694824219,136.55999755859375
85.27999877929688,115.37999725341797,150.9600067138672
86.95999908447266,115.73999786376953,148.36000061035156
85.83999633789062,115.54000091552734,149.27999877929688
90.16000366210938,116.41000366210938,140.55999755859375
89.44000244140625,117.12000274658203,145.27999877929688
87.51999664,117.13999938964844,141.39999389648438
88.87999725341797,118.08999633789062,146.0800018310547
86,117.68000030517578,145.9600067138672
87.59999847,117.54000091552734,141.32000732421875
86.55999755859375,117.79000091552734,132.9600067138672
89.68000030517578,117.52999877929688,133.75999450683594
86.55999755859375,117.05999755859375,123
83.59999847,117.87000274658203,114.83999633789062
78.31999969482422,118.1500015258789,122.95999908447266
80.16000366210938,117.43000030517578,120.55999755859375
77.76000213623047,119.23999786376953,120.4000015258789
76.55999755859375,118.72000122070312,121
74.31999969482422,120.0199966430664,117.23999786376953
79.19999694824219,119.66000366210938,112.91999816894531
76.95999908447266,120.56999969482422,115.44000244140625
76.23999786376953,121.05999755859375,109.5999984741211
77.27999877929688,121.25,98.83999633789062
78.80000305175781,121.33000183105469,97.95999908447266
79.59999847,122.43000030517578,96.83999633789062
81.44000244140625,121.44000244140625,100.36000061035156
82.31999969482422,121.86000061035156,97.51999664
84,121.52999877929688,98.95999908447266
88.40000153,122.30999755859375,99.55999755859375
88.80000305175781,121.58999633789062,99
87.19999694824219,121.80000305175781,104.36000061035156
85.51999664,122.08999633789062,119
88,121.87999725341797,114.87999725341797
88.48000336,122.2699966430664,112.87999725341797
88.23999786376953,122.11000061035156,113.08000183105469
90.48000336,121.0199966430664,113.63999938964844
88.95999908447266,121.44999694824219,106.5999984741211
88.40000153,121.27999877929688,105.23999786376953
89.36000061035156,121.08999633789062,107.83999633789062
90,122.86000061035156,109.5999984741211
87.59999847,123.29000091552734,102.91999816894531
89.27999877929688,123.9800033569336,103.4000015258789
91.19999694824219,124.69000244140625,102.23999786376953
90.80000305175781,124.75,101.12000274658203
93.04000091552734,124.5,97.72000122070312
92,123.95999908447266,95.16000366210938
90.31999969482422,124.27999877929688,95.83999633789062
90.55999755859375,123.44000244140625,95.48000336
88.55999755859375,123.73999786376953,91.80000305175781
88.63999938964844,124.20999908447266,93.08000183105469
88.08000183105469,123.5999984741211,94.44000244140625
89.27999877929688,123.86000061035156,95.23999786376953
90.72000122070312,123.37000274658203,92.68000030517578
91.83999633789062,124.05999755859375,91.95999908447266
93.68000030517578,124.80000305175781,93.55999755859375
94.23999786376953,126.69999694824219,94.83999633789062
95.44000244140625,126.4800033569336,94.31999969482422
95.04000091552734,125.05000305175781,96.04000091552734
95.59999847,125.5,96.08000183105469
92.55999755859375,125.37000274658203,99.08000183105469
93.04000091552734,125.58000183105469,97.80000305175781
95.12000274658203,124.69000244140625,98.91999816894531
95.59999847,123.98999786376953,98.91999816894531
93.27999877929688,121.87999725341797,100.31999969482422
94.40000153,121.55999755859375,100.55999755859375
94.55999755859375,121.72000122070312,101.72000122070312
94,121.61000061035156,100.4000015258789
94.48000336,121.51000213623047,101.08000183105469
93.83999633789062,122.83999633789062,100.91999816894531
94.87999725341797,122.23999786376953,97.91999816894531
95.12000274658203,122.9800033569336,98.55999755859375
97.51999664,123.83999633789062,99.51999664
97.76000213623047,122.41000366210938,100.31999969482422
97.59999847,122.97000122070312,98.55999755859375
98.48000336,123.04000091552734,100.23999786376953
98.23999786376953,123.37999725341797,100.63999938964844
100,124.18000030517578,99.87999725341797
99.51999664,123.68000030517578,99.44000244140625
97.83999633789062,123.97000122070312,97.63999938964844
98,124.91999816894531,97.55999755859375
99.76000213623047,124.30000305175781,96.72000122070312
98.72000122070312,123.6500015258789,95.87999725341797
98.80000305175781,121.9000015258789,95.63999938964844
100,122.01000213623047,93.91999816894531
102.55999755859375,121.52999877929688,95.12000274658203
104.08000183105469,121.9800033569336,94.68000030517578
103.91999816894531,121.80000305175781,94
103.36000061035156,122.11000061035156,93
105.19999694824219,121.9800033569336,94
107.19999694824219,122.51000213623047,95.40000153
106.63999938964844,123.1500015258789,95.31999969482422
107.27999877929688,123.52999877929688,94.95999908447266
106.16000366210938,121.94999694824219,94.12000274658203
106.4000015258789,121.83000183105469,93.40000153
105.91999816894531,121.5999984741211,91.19999694824219
106.95999908447266,120.51000213623047,90.63999938964844
106.23999786376953,120.27999877929688,88.36000061035156
106.55999755859375,120.37000274658203,87.76000213623047
109.36000061035156,120.37000274658203,88.59999847
110.31999969482422,120.12000274658203,86.59999847
109.44000244140625,120.47000122070312,86.55999755859375
108.23999786376953,120.56999969482422,87.83999633789062
104.72000122070312,121.37000274658203,89.51999664
105.83999633789062,120.83000183105469,89.87999725341797
106.31999969482422,121.19999694824219,89.31999969482422
105.76000213623047,120.4000015258789,90.48000336
102.55999755859375,119.94000244140625,89.55999755859375
102.95999908447266,120.6500015258789,88.76000213623047
104.55999755859375,120.80999755859375,87.63999938964844
101.83999633789062,121.20999908447266,88
103.12000274658203,120.91000366210938,90.23999786376953
102.4800033569336,121.19999694824219,89.68000030517578
102.72000122070312,121.43000030517578,90.83999633789062
101.44000244140625,122.66999816894531,90.83999633789062
102.95999908447266,122.45999908447266,91.83999633789062
103.76000213623047,122.38999938964844,90.23999786376953
105.12000274658203,121.51000213623047,91.44000244140625
104.63999938964844,120.6500015258789,91
105.19999694824219,120.63999938964844,92.19999694824219
105.04000091552734,120.36000061035156,90.68000030517578
101.91999816894531,120.23999786376953,87.91999816894531
96.72000122070312,121.16999816894531,88.72000122070312
97.83999633789062,121.30000305175781,89.27999877929688
97.83999633789062,120.83000183105469,88.48000336
97.91999816894531,120.87000274658203,89.76000213623047
94.08000183105469,121.69000244140625,87.68000030517578
88.80000305175781,123.33000183105469,84.19999694824219
87.91999816894531,125.11000061035156,82.36000061035156
89.27999877929688,125.1500015258789,82.95999908447266
86.16000366210938,125.47000122070312,81.44000244140625
88.48000336,125.87999725341797,80.04000091552734
89.83999633789062,126.58999633789062,80.19999694824219
88.87999725341797,125.33000183105469,80.80000305175781
88.87999725341797,125.18000030517578,82.08000183105469
85.12000274658203,125.83000183105469,81.40000153
87.04000091552734,126.5999984741211,79.83999633789062
87.51999664,126.55999755859375,81.76000213623047
86.48000336,126.4800033569336,81.19999694824219
90,127.12000274658203,79.51999664
90.63999938964844,127.88999938964844,78
94.80000305175781,131.11000061035156,75.19999694824219
95.76000213623047,131.97999572753906,74.76000213623047
96.08000183105469,133.94000244140625,78.36000061035156
96,134.1999969482422,77.87999725341797
98.31999969482422,132.97000122070312,78.12000274658203
98.31999969482422,132.83999633789062,79.68000030517578
96.31999969482422,133.1999969482422,79.55999755859375
98.23999786376953,130.6199951171875,77.80000305175781
93.59999847,133.41000366210938,77.04000091552734
94.16000366210938,133.6300048828125,78.31999969482422
95.59999847,132.13999938964844,82.72000122070312
95.44000244140625,131.2899932861328,82.51999664
96.31999969482422,131.75,83.12000274658203
100.23999786376953,133.8300018310547,84.16000366210938
100.4000015258789,132.6999969482422,82.68000030517578
100.16000366210938,133.52999877929688,84.36000061035156
98.40000153,133.52999877929688,82.72000122070312
96.55999755859375,132.39999389648438,79.87999725341797
94,134.5800018310547,79.48000336
92.48000336,136.47999572753906,78.72000122070312
93.36000061035156,134.47000122070312,77.63999938964844
93.44000244140625,134.4499969482422,79.55999755859375
94.48000336,133.69000244140625,78.83999633789062
92.72000122070312,134.3699951171875,76.80000305175781
92.80000305175781,133.4199981689453,77.04000091552734
93.19999694824219,133.63999938964844,75.12000274658203
94.55999755859375,134.52999877929688,73.59999847
96.63999938964844,134.97999572753906,74.16000366210938
96.31999969482422,133.2100067138672,77.76000213623047
90.48000336,136.41000366210938,75.40000153
91.83999633789062,135.88999938964844,74.40000153
90.95999908447266,137.7899932861328,72.40000153
89.12000274658203,138.91000366210938,73.16000366210938
86.72000122070312,141.02000427246094,72.51999664
87.68000030517578,141.72999572753906,73.72000122070312
90.23999786376953,141.25999450683594,73.76000213623047
90.87999725341797,142.6300048828125,73.36000061035156
94.95999908447266,141.77999877929688,74.76000213623047
91.51999664,142.75,74.87999725341797
90.80000305175781,143.6999969482422,77.12000274658203
91.19999694824219,142.77999877929688,76.40000153
93.27999877929688,141.11000061035156,76.40000153
93.04000091552734,142.2100067138672,76.95999908447266
92.87999725341797,141.75999450683594,75.59999847
92.23999786376953,141.39999389648438,74.87999725341797
89.51999664,144.1699981689453,74.80000305175781
89.44000244140625,144.19000244140625,77.23999786376953
91.36000061035156,145.57000732421875,76.23999786376953
93.12000274658203,145.16000366210938,77.40000153
94.23999786376953,144.1199951171875,79.31999969482422
91.68000030517578,143.75,79.08000183105469
89.76000213623047,145.75,81.23999786376953
93.68000030517578,146.66000366210938,84.44000244140625
93.59999847,143.13999938964844,84.55999755859375
94.16000366210938,141.9199981689453,86.31999969482422
96.63999938964844,141.38999938964844,89.91999816894531
95.83999633789062,140.17999267578125,89.59999847
93.44000244140625,141.02999877929688,88.40000153
91.76000213623047,141.32000732421875,89.19999694824219
91.51999664,140.14999389648438,90.91999816894531
102.63999938964844,141.32000732421875,93.08000183105469
98.31999969482422,141.60000610351562,92.12000274658203
96.80000305175781,140.7100067138672,91.04000091552734
97.51999664,141.27999877929688,88.27999877929688
97.59999847,142.9499969482422,87.63999938964844
97.68000030517578,143.75,87.63999938964844
95.19999694824219,144.50999450683594,86.36000061035156
94.40000153,141.8300018310547,86.19999694824219
94.40000153,141.7899932861328,83.80000305175781
93.27999877929688,141.05999755859375,82.16000366210938
90.72000122070312,138.8699951171875,79.72000122070312
89.51999664,139.6300048828125,78.59999847
87.83999633789062,141.25999450683594,77.44000244140625
87.44000244140625,141.89999389648438,80
88.31999969482422,141.89999389648438,80.40000153
88.31999969482422,140.69000244140625,78.91999816894531
87.12000274658203,141.9199981689453,78.48000336
87.91999816894531,142.0500030517578,76.68000030517578
89.51999664,140.80999755859375,75.51999664
91.36000061035156,140.02999877929688,76.12000274658203
89.44000244140625,140.58999633789062,78.27999877929688
88.48000336,139.61000061035156,80.12000274658203
89.12000274658203,140.41000366210938,78.55999755859375
90.23999786376953,140.61000061035156,79.44000244140625
89.76000213623047,140.4600067138672,80.27999877929688
89.68000030517578,139.7899932861328,77.63999938964844
90.72000122070312,140.1999969482422,77.48000336
93.19999694824219,140.52999877929688,76.91999816894531
93.83999633789062,141.52999877929688,78
94.63999938964844,141.86000061035156,77.91999816894531
93.19999694824219,140.63999938964844,81.04000091552734
92.63999938964844,140.25,82.95999908447266
91.76000213623047,141.02000427246094,85
90.40000153,142.42999267578125,83.23999786376953
93.51999664,142.55999755859375,85.40000153
94.48000336,142.14999389648438,89.08000183105469
95.44000244140625,139.85000610351562,90.76000213623047
94.48000336,140.4499969482422,89.40000153
95.04000091552734,138.27000427246094,88.19999694824219
95.91999816894531,137.38999938964844,88.19999694824219
95.12000274658203,137.05999755859375,83.31999969482422
94.95999908447266,137.42999267578125,82.91999816894531
95.68000030517578,137.97999572753906,84.23999786376953
95.27999877929688,138.55999755859375,83.31999969482422
96.63999938964844,138.2100067138672,84.12000274658203
95.19999694824219,138.6199951171875,80.40000153
92.55999755859375,138.69000244140625,79
95.19999694824219,138.75999450683594,80.23999786376953
97.59999847,138,80.72000122070312
96.87999725341797,137.74000549316406,82.91999816894531
96.87999725341797,137.0800018310547,79.31999969482422
97.51999664,137.74000549316406,77.76000213623047
97.12000274658203,137.00999450683594,76.80000305175781
92.95999908447266,137.86000061035156,71.31999969482422
93.36000061035156,137.7899932861328,71.83999633789062
94.08000183105469,139.11000061035156,74.72000122070312
97.51999664,138.9199981689453,74.04000091552734
97.51999664,139,74.08000183105469
98.55999755859375,137.6199951171875,72.12000274658203
98.63999938964844,137.5800018310547,69.19999694824219
99.12000274658203,137.97000122070312,69.48000336
98.40000153,138.9199981689453,68.87999725341797
98.95999908447266,138.42999267578125,71.68000030517578
99.91999816894531,139.0500030517578,70.72000122070312
100.72000122070312,139.0399932861328,72.12000274658203
101.76000213623047,139.00999450683594,71.16000366210938
101.91999816894531,139.02000427246094,70.12000274658203
102.23999786376953,139.3800048828125,70.40000153
101.04000091552734,139.52000427246094,71.36000061035156
101.5999984741211,139.9499969482422,68.68000030517578
102.16000366210938,141.27000427246094,68.08000183105469
103.12000274658203,142.3800048828125,69.95999908447266
103.27999877929688,142.3300018310547,69.36000061035156
103.12000274658203,142.6300048828125,67.59999847
102.4800033569336,142.89999389648438,67.44000244140625
102.4800033569336,143.9499969482422,65.87999725341797
105.44000244140625,145.86000061035156,65.55999755859375
105.27999877929688,147.38999938964844,66.36000061035156
105.04000091552734,147.97000122070312,66.48000336
101.27999877929688,146.86000061035156,66.51999664
99.91999816894531,146.02999877929688,66.68000030517578
99.27999877929688,146.91000366210938,68.16000366210938
97.59999847,145.82000732421875,67.76000213623047
98.23999786376953,145.69000244140625,67.40000153
97.44000244140625,146.5399932861328,65.72000122070312
98.31999969482422,146.30999755859375,64.31999969482422
98.63999938964844,146.5800018310547,62.15999984741211
97.91999816894531,146.74000549316406,59.47999954223633
95.19999694824219,146.7899932861328,59.63999938964844
93.27999877929688,147.1199951171875,59.75999832
91.44000244140625,147.97999572753906,58.439998626708984
88.80000305175781,148.99000549316406,58.560001373291016
90,147.66000366210938,59.599998474121094
89.27999877929688,148.4600067138672,58.63999938964844
88.63999938964844,148.47000122070312,57.24000168
86.72000122070312,149.3300018310547,57.47999954223633
83.91999816894531,148.36000061035156,56.84000015258789
83.51999664,146.42999267578125,58.599998474121094
85.59999847,146.61000061035156,58.52000045776367
85.91999816894531,147.39999389648438,58.24000168
84.63999938964844,147.7899932861328,57.79999923706055
83.36000061035156,148.1699981689453,55.36000061035156
84,147.66000366210938,56.119998931884766
86.48000336,147.5399932861328,57.68000030517578
86.72000122070312,148.3800048828125,57.279998779296875
87.59999847,149,57.36000061035156
87.59999847,150.91000366210938,60.400001525878906
89.44000244140625,151.7899932861328,61.119998931884766
90.23999786376953,152.41000366210938,59.63999938964844
89.27999877929688,154.6999969482422,59.20000076293945
85.91999816894531,156.08999633789062,57.439998626708984
83.19999694824219,153.3000030517578,57.119998931884766
81.51999664,153.97000122070312,56.36000061035156
78.23999786376953,154,53.880001068115234
75.59999847,148.3800048828125,52.400001525878906
79.36000061035156,149.1999969482422,54.31999969482422
79.12000274658203,153.88999938964844,55.720001220703125
78.87999725341797,154.16000366210938,56.75999832
76.87999725341797,157.49000549316406,54.599998474121094
69.83999633789062,157.5500030517578,53.279998779296875
52.15999984741211,157.80999755859375,56.400001525878906
57.91999816894531,154.47999572753906,59.880001068115234
55.52000045776367,153.92999267578125,58.15999984741211
52.31999969482422,147.7899932861328,56.79999923706055
55.68000030517578,143.27999877929688,59
48.400001525878906,141.63999938964844,55.68000030517578
45.68000030517578,143.55999755859375,53.47999954223633
37.68000030517578,140.6999969482422,50.959999084472656
42.959999084472656,138.0399932861328,52.279998779296875
39.52000045776367,140.11000061035156,50.119998931884766
39.040000915527344,146.3000030517578,50.599998474121094
39.84000015258789,153.39999389648438,52.84000015258789
40.63999938964844,151.3000030517578,52.15999984741211
38.63999938964844,153.24000549316406,51.20000076293945
35.75999832,152.25,50.68000030517578
33.84000015258789,152.9199981689453,51.279998779296875
33.68000030517578,148.0500030517578,50.20000076293945
35.040000915527344,149.4499969482422,48.040000915527344
40.880001068115234,151.89999389648438,47
47.20000076293945,152.64999389648438,49.880001068115234
43.84000015258789,156.8800048828125,52.959999084472656
40.720001220703125,156.0399932861328,57.24000168
42.959999084472656,154.64999389648438,54.20000076293945
39.84000015258789,158.69000244140625,52.52000045776367
39.439998626708984,161.41000366210938,52.439998626708984
37.279998779296875,162.67999267578125,49.79999923706055
35.439998626708984,161.85000610351562,48.15999984741211
34.880001068115234,161.7100067138672,51.08000183105469
33.68000030517578,158.57000732421875,52.79999923706055
30,159.6999969482422,57.040000915527344
22.479999542236328,158.61000061035156,54.63999938964844
20.079999923706055,161.72999572753906,56.63999938964844
21.12000084,163.33999633789062,53.880001068115234
20.559999465942383,162.63999938964844,51.91999816894531
17.520000457763672,161.55999755859375,53.040000915527344
17.040000915527344,160.83999633789062,53.84000015258789
18,161.72999572753906,52
19.12000084,158.8000030517578,53.63999938964844
18.860000610351562,159.77999877929688,52.040000915527344
19.670000076293945,160.33999633789062,55.119998931884766
21.510000228881836,161.02000427246094,57.959999084472656
20.850000381469727,158.9499969482422,53.959999084472656
20.469999313354492,161.38999938964844,52.63999938964844
21.469999313354492,160.4199981689453,50.560001373291016
21.170000076293945,159.4199981689453,51.15999984741211
20.969999313354492,160.0399932861328,47.20000076293945
20.600000381469727,161.5800018310547,45.31999969482422
21.450000762939453,163.00999450683594,45.75999832
22.389999389648438,163.92999267578125,45.15999984741211
24.309999465942383,162.69000244140625,48.400001525878906
24.440000534057617,164.25999450683594,49
25.34000015258789,164.64999389648438,47.15999984741211
26.600000381469727,162.25,46.15999984741211
25.56999969482422,163.2100067138672,46.560001373291016
25.65999984741211,160.88999938964844,47.75999832
25,161.17999267578125,46.400001525878906
25.030000686645508,161.72000122070312,45.08000183105469
25.87999916,162.91000366210938,45.279998779296875
26.219999313354492,163.66000366210938,43.959999084472656
27.06999969482422,162.60000610351562,43.79999923706055
27.12000084,159.60000610351562,44.63999938964844
27.5,161.27999877929688,45.040000915527344
28.87000084,158.00999450683594,44.47999954223633
28.37000084,159.72000122070312,44.599998474121094
28.420000076293945,161.25999450683594,43.599998474121094
28.43000030517578,163.57000732421875,44.20000076293945
26.360000610351562,162.38999938964844,44.75999832
26.43000030517578,162.6199951171875,43
26.979999542236328,162.3300018310547,41.47999954223633
27.639999389648438,162.25,40
27.280000686645508,162.55999755859375,40.47999954223633
27.889999389648438,162.24000549316406,40.52000045776367
28.229999542236328,164.02999877929688,41
28.979999542236328,165.08999633789062,40.560001373291016
28.719999313354492,166.47999572753906,39.599998474121094
27.25,165.89999389648438,38.880001068115234
27.940000534057617,165.8000030517578,35.959999084472656
27.360000610351562,166.5399932861328,36.20000076293945
28.270000457763672,166.6300048828125,39.75999832
28.059999465942383,167.3699951171875,41.040000915527344
28.350000381469727,166.6199951171875,39.560001373291016
28.75,166.97999572753906,40.31999969482422
28.959999084472656,167.97999572753906,42.84000015258789
28.790000915527344,169.0399932861328,43.79999923706055
29.18000030517578,170.08999633789062,42.91999816894531
28.40999984741211,169.6300048828125,41.560001373291016
29.030000686645508,169.19000244140625,42.400001525878906
28.5,169.39999389648438,40.47999954223633
28.87999916,170.19000244140625,40.959999084472656
29.290000915527344,170.33999633789062,41.75999832
29.15999984741211,168.72999572753906,40.400001525878906
29.100000381469727,170.1199951171875,40.040000915527344
29.12000084,170.94000244140625,38.439998626708984
29.719999313354492,173,38.84000015258789
29.75,175.6300048828125,39.36000061035156
29.40999984741211,177.17999267578125,41.75999832
29.440000534057617,178.6999969482422,42.439998626708984
29.719999313354492,182.22999572753906,40.63999938964844
29.350000381469727,183.75,42.400001525878906
29.56999969482422,185.1300048828125,43.439998626708984
28.93000030517578,183.75999450683594,41.68000030517578
29.06999969482422,185.42999267578125,41.040000915527344
29.34000015258789,185.63999938964844,48
29.780000686645508,189.58999633789062,49.75999832
30.229999542236328,191.35000610351562,50.36000061035156
30.18000030517578,193.88999938964844,48.91999816894531
29.850000381469727,190.80999755859375,51.24000168
30.15999984741211,190.14999389648438,49.24000168
29.81999969482422,179.94000244140625,48.880001068115234
30.559999465942383,179.10000610351562,48.91999816894531
30.399999618530273,183.3300018310547,50
30.329999923706055,182.5399932861328,53.279998779296875
30.770000457763672,186.5,53.24000168
30.600000381469727,188.17999267578125,54.84000015258789
30.65999984741211,182.24000549316406,55.20000076293945
30.520000457763672,183.5,53.720001220703125
30.18000030517578,182.02999877929688,55.040000915527344
30.350000381469727,181,56.119998931884766
30.920000076293945,181.22000122070312,55.47999954223633
30.93000030517578,183.36000061035156,54.31999969482422
30.670000076293945,181.24000549316406,57.91999816894531
30.719999313354492,184.38999938964844,57.279998779296875
30.579999923706055,184.8300018310547,56.560001373291016
30.610000610351562,185.0500030517578,54
29.860000610351562,182.6199951171875,53.84000015258789
29.639999389648438,181.13999938964844,53.36000061035156
28.510000228881836,181.63999938964844,55.52000045776367
26.75,181.2899932861328,51.119998931884766
27.40999984741211,183.0500030517578,51.15999984741211
26.790000915527344,182.4600067138672,49.599998474121094
27.040000915527344,182.4499969482422,48.31999969482422
26.940000534057617,183.88999938964844,49.599998474121094
27.520000457763672,183.4499969482422,50.279998779296875
28.700000762939453,183.97000122070312,48.560001373291016
29.229999542236328,182.9600067138672,45.959999084472656
29.059999465942383,183.1999969482422,47.439998626708984
28.290000915527344,179.52000427246094,48.720001220703125
28.170000076293945,178.64999389648438,46.68000030517578
28.030000686645508,174.7899932861328,50.36000061035156
28.5,175.44000244140625,51.52000045776367
28.350000381469727,174.94000244140625,50.560001373291016
28.690000534057617,176.6999969482422,49.91999816894531
27.700000762939453,178.19000244140625,45.15999984741211
28.290000915527344,177.1199951171875,45.63999938964844
27.510000228881836,178.6999969482422,44.91999816894531
26.350000381469727,178.5399932861328,44.279998779296875
27.93000030517578,179.41000366210938,47.47999954223633
28.389999389648438,177.3000030517578,45.36000061035156
28.389999389648438,177.22000122070312,46.79999923706055
29.139999389648438,177.85000610351562,47.439998626708984
28.690000534057617,181.0800018310547,49.52000045776367
28.06999969482422,180.55999755859375,51.040000915527344
28.459999084472656,177.72000122070312,50.47999954223633
28.979999542236328,178.27000427246094,47.15999984741211
28.940000534057617,178.9199981689453,49.560001373291016
28.719999313354492,178.3000030517578,49.119998931884766
28.59000015258789,178.38999938964844,49.959999084472656
29.049999237060547,179.25,49.52000045776367
28.100000381469727,180.60000610351562,50.560001373291016
28.510000228881836,178.8300018310547,49.560001373291016
27.87999916,178.63999938964844,48.400001525878906
27.110000610351562,178.5500030517578,49.20000076293945
27.690000534057617,179.02000427246094,50.119998931884766
26.309999465942383,176.1300048828125,49.84000015258789
25.600000381469727,175.39999389648438,50.20000076293945
25.25,176.1999969482422,50.959999084472656
26.260000228881836,177.91000366210938,49
26.719999313354492,178.9199981689453,46.439998626708984
27.440000534057617,178.82000732421875,46.31999969482422
27.15999984741211,182.92999267578125,44.52000045776367
26.469999313354492,183.19000244140625,43.91999816894531
28.06999969482422,175.0800018310547,43.279998779296875
28.90999984741211,175.66000366210938,44.84000015258789
29.040000915527344,174.89999389648438,46.08000183105469
28.65999984741211,175.9600067138672,44.880001068115234
28.12999916,177.16000366210938,45.279998779296875
28.809999465942383,177.14999389648438,41.24000168
28.87000084,176.5,41.20000076293945
29,175.49000549316406,41.119998931884766
29.09000015258789,175.16000366210938,39.599998474121094
29.270000457763672,175.69000244140625,40.20000076293945
29.520000457763672,172.22999572753906,40.84000015258789
30.799999237060547,169.58999633789062,41.880001068115234
31.37000084,169.50999450683594,42.75999832
31.219999313354492,167.7899932861328,41.08000183105469
30.969999313354492,166.6699981689453,42.400001525878906
30.62000084,170.17999267578125,41.720001220703125
30.969999313354492,171.4600067138672,39.84000015258789
31.25,172.80999755859375,36.36000061035156
31.559999465942383,172.32000732421875,37.119998931884766
31.399999618530273,174.88999938964844,35.119998931884766
31.40999984741211,175.5,35.36000061035156
31.34000015258789,172.5,35.15999984741211
32.11000061035156,172.1699981689453,37.24000168
31.940000534057617,172.49000549316406,37.52000045776367
32.16999816894531,171.5399932861328,38.47999954223633
32.540000915527344,173.94000244140625,38.560001373291016
32.74000168,174.89999389648438,38.79999923706055
33.15999984741211,176.74000549316406,38.47999954223633
33.47999954223633,176.44000244140625,39
32.63999938964844,175.8800048828125,38.959999084472656
32.09000015258789,174.49000549316406,39.599998474121094
32.75,175.64999389648438,37.52000045776367
32.91999816894531,176.35000610351562,36.880001068115234
32.59000015258789,175.7100067138672,33.91999816894531
32.779998779296875,176.35000610351562,35.400001525878906
32.90999984741211,177.6999969482422,35.15999984741211
33.00999832,178.36000061035156,36.79999923706055
32.380001068115234,182.3300018310547,37.79999923706055
33.939998626708984,182.8699951171875,39.119998931884766
34.11000061035156,179.89999389648438,39.31999969482422
34.529998779296875,179.47999572753906,38.79999923706055
35.43000030517578,173.33999633789062,39
35.25999832,173,40.400001525878906
35.900001525878906,174.1199951171875,39.68000030517578
35.79999923706055,173.3699951171875,39.75999832
36.24000168,173.27999877929688,38.720001220703125
35.34000015258789,171.1300048828125,39.84000015258789
35.75,172.5800018310547,37.040000915527344
35.790000915527344,175.38999938964844,37.119998931884766
35.75999832,175.27999877929688,36.75999832
35.22999954223633,173.89999389648438,36.040000915527344
35.59000015258789,174.0500030517578,38.15999984741211
35.45000076293945,173.6199951171875,38.68000030517578
35.5,172.52000427246094,39.279998779296875
35.25,172.67999267578125,39.31999969482422
35.18000030517578,172.61000061035156,37.63999938964844
36.119998931884766,174.22999572753906,41.279998779296875
36.81999969482422,172.11000061035156,41.560001373291016
37.439998626708984,171.85000610351562,40.560001373291016
37.810001373291016,168.14999389648438,43.36000061035156
38.189998626708984,169.80999755859375,42.119998931884766
38.939998626708984,171.52000427246094,42.36000061035156
39.16999816894531,172.0800018310547,41.24000168
39.279998779296875,172.7100067138672,43.400001525878906
38.970001220703125,171.2100067138672,41.75999832
39.939998626708984,170.69000244140625,42.68000030517578
40.45000076293945,168.24000549316406,44.400001525878906
40.88999938964844,166.3300018310547,45.20000076293945
40.27000045776367,166.32000732421875,43.959999084472656
39.68000030517578,167.00999450683594,44.63999938964844
41.279998779296875,169.50999450683594,43.720001220703125
41.619998931884766,169.1199951171875,42.75999832
42.5,169,41.91999816894531
42.459999084472656,165.82000732421875,41.24000168
41.310001373291016,161.80999755859375,41.279998779296875
40.599998474121094,161.52999877929688,41.47999954223633
40.06999969482422,162.41000366210938,42.560001373291016
41.13999938964844,160.6199951171875,42
43.06999969482422,159.0399932861328,41.040000915527344
44.439998626708984,159.13999938964844,40.31999969482422
43.5,157.49000549316406,39.75999832
43.11000061035156,160.83999633789062,39.880001068115234
43.74000168,161.66000366210938,40.119998931884766
44.599998474121094,161.52000427246094,39.880001068115234
44.349998474121094,161.49000549316406,38.75999832
44.25999832,162.1999969482422,37.400001525878906
43.83000183105469,162.35000610351562,38.20000076293945
43.81999969482422,163.50999450683594,37.720001220703125
40.470001220703125,162.55999755859375,37.15999984741211
41.77000045776367,163.24000549316406,37.959999084472656
41.709999084472656,163,38.47999954223633
39.369998931884766,161.80999755859375,37.68000030517578
41.45000076293945,162.3699951171875,37.79999923706055
39.88999938964844,161.77999877929688,38.560001373291016
41.529998779296875,162.24000549316406,38.63999938964844
41.91999816894531,160.30999755859375,38.91999816894531
41.16999816894531,157.57000732421875,38.63999938964844
40.529998779296875,159.9600067138672,38.31999969482422
41.84000015258789,161.97999572753906,38.79999923706055
40.279998779296875,161.9199981689453,37
40.70000076293945,163.22000122070312,36.24000168
40.86000061035156,162.75999450683594,37
40.81999969482422,164.50999450683594,37.119998931884766
40.63999938964844,163.27000427246094,37.119998931884766
40.900001525878906,162.27999877929688,37.68000030517578
41.400001525878906,163.42999267578125,38.599998474121094
43.040000915527344,162.72000122070312,38.52000045776367
43.27000045776367,165.35000610351562,39.20000076293945
43.18000030517578,166.35000610351562,39.52000045776367
43.31999969482422,165.88999938964844,40.36000061035156
42.74000168,166.47999572753906,40.15999984741211
41.77000045776367,168.1300048828125,39.79999923706055
42.09000015258789,167.0399932861328,40.599998474121094
42.459999084472656,166.39999389648438,40.24000168
42.33000183105469,166.83999633789062,41.24000168
43.11000061035156,166.4199981689453,42.08000183105469
43.529998779296875,166.91000366210938,42.31999969482422
44.25999832,166.22000122070312,41.68000030517578
43.27000045776367,165.66000366210938,42.040000915527344
43.97999954223633,167.80999755859375,42.52000045776367
44.869998931884766,166.5800018310547,42.63999938964844
44.65999984741211,167.27000427246094,42.24000168
44.40999984741211,170.05999755859375,42.119998931884766
44.43000030517578,171.58999633789062,42.36000061035156
44.47999954223633,172.11000061035156,42
44.869998931884766,172.13999938964844,42.36000061035156
45.220001220703125,170.42999267578125,42.720001220703125
43.810001373291016,171.1300048828125,42.599998474121094
44.709999084472656,172.69000244140625,42.560001373291016
45.38999938964844,174.6999969482422,44.63999938964844
44.84000015258789,175.0399932861328,43.24000168
43.43000030517578,175.16000366210938,42.68000030517578
42.47999954223633,175.9600067138672,42.36000061035156
43.70000076293945,176.0399932861328,41.84000015258789
45.02000045776367,176.35000610351562,41.68000030517578
44.91999816894531,177.9499969482422,42.15999984741211
45.20000076293945,177.63999938964844,42.47999954223633
45.54999923706055,177.7100067138672,41.63999938964844
45.41999816894531,178.3800048828125,42.08000183105469
46.33000183105469,177.89999389648438,43.68000030517578
46.900001525878906,178.77000427246094,43.15999984741211
46.970001220703125,175.27000427246094,43.040000915527344
47.25999832,177.16000366210938,43.560001373291016
47.27000045776367,177.8699951171875,43.279998779296875
47.880001068115234,177.32000732421875,44
47.58000183105469,176.97999572753906,44.36000061035156
47.83000183105469,177.74000549316406,44.36000061035156
48.06999969482422,175.74000549316406,46.15999984741211
48.31999969482422,174.7100067138672,47.24000168
48.97999954223633,174.0500030517578,45.20000076293945
48.75,171.11000061035156,45.720001220703125
48.040000915527344,165.85000610351562,45.68000030517578
48.36000061035156,164.92999267578125,45.24000168
49.36000061035156,166.9499969482422,45.040000915527344
49.41999816894531,166.25,45.880001068115234
49.720001220703125,166.13999938964844,46.560001373291016
49.84000015258789,166.0399932861328,48.040000915527344
50.25,166.58999633789062,49.279998779296875
49.540000915527344,166.5800018310547,50.279998779296875
49.88999938964844,164.8300018310547,51.20000076293945
49.880001068115234,165.6300048828125,52.31999969482422
50.619998931884766,166.1999969482422,51.15999984741211
50.93000030517578,167.2899932861328,51.63999938964844
49.900001525878906,168.1199951171875,51.439998626708984
48.65999984741211,168.75999450683594,50.15999984741211
49.52000045776367,168.64999389648438,51.439998626708984
50.40999984741211,169.2100067138672,51.560001373291016
50.310001373291016,169,52.400001525878906
51.150001525878906,169.22000122070312,51.63999938964844
49.70000076293945,171.0399932861328,51.20000076293945
49.040000915527344,171.07000732421875,50.599998474121094
49.13999938964844,169.41000366210938,51.31999969482422
45.84000015258789,169.61000061035156,52.599998474121094
46.50999832,169.38999938964844,54.36000061035156
48.27000045776367,168.75999450683594,54.68000030517578
49.16999816894531,169.08999633789062,55.79999923706055
49.470001220703125,168.55999755859375,56.279998779296875
49.66999816894531,168.16000366210938,56.959999084472656
49.470001220703125,168.44000244140625,54.959999084472656
49.720001220703125,169.2899932861328,55.400001525878906
50.63999938964844,171.1699981689453,56.75999832
50.65999984741211,169.82000732421875,55.040000915527344
49.18000030517578,169.61000061035156,55.439998626708984
48.849998474121094,169.49000549316406,57
47.20000076293945,169.52999877929688,58.279998779296875
48.099998474121094,168.86000061035156,58.36000061035156
47.56999969482422,164.63999938964844,57.91999816894531
46.599998474121094,161.72000122070312,56.599998474121094
47.68000030517578,161.77000427246094,57.560001373291016
48.29999923706055,164,56.880001068115234
48.099998474121094,164.0399932861328,54.84000015258789
47.43000030517578,166.38999938964844,54
47.040000915527344,167.22000122070312,55.400001525878906
46.58000183105469,166.97000122070312,53.720001220703125
45.400001525878906,167.10000610351562,53.560001373291016
44.77000045776367,166.61000061035156,54.08000183105469
43.43000030517578,166.6999969482422,53.91999816894531
45.849998474121094,168.72999572753906,55.279998779296875
47.369998931884766,168.64999389648438,54.68000030517578
47.810001373291016,167.47999572753906,55
47.47999954223633,167.6699981689453,58.79999923706055
48.150001525878906,170.19000244140625,61.36000061035156
48.400001525878906,169.35000610351562,60.36000061035156
48.040000915527344,169.69000244140625,61.279998779296875
47.93000030517578,169.6999969482422,64.40000153
48.95000076293945,169.25,64.76000213623047
48.65999984741211,171.05999755859375,65.68000030517578
48.040000915527344,167.7100067138672,63.880001068115234
48.59000015258789,167.2899932861328,68.72000122070312
47.75,168.02999877929688,69.95999908447266
48.79999923706055,167.17999267578125,69.40000153
49.47999954223633,167.74000549316406,72.40000153
49.310001373291016,168.82000732421875,73.87999725341797
50.689998626708984,167.8300018310547,76.27999877929688
50.70000076293945,164.02999877929688,73.87999725341797
50.31999969482422,163.77000427246094,70.59999847
49.599998474121094,164.94000244140625,69
49.58000183105469,166.0399932861328,67.48000336
50.47999954223633,165.4199981689453,66.59999847
51.380001068115234,163.50999450683594,70.51999664
51.81999969482422,163.3000030517578,72.31999969482422
52.90999984741211,163.63999938964844,81.23999786376953
52.400001525878906,162.0500030517578,80.55999755859375
52.31999969482422,161.32000732421875,75.36000061035156
52.560001373291016,164.22000122070312,80.63999938964844
53.25999832,164.58999633789062,77.12000274658203
54.49000168,165.36000061035156,81.55999755859375
55.630001068115234,164.58999633789062,87.12000274658203
54.15999984741211,165.02999877929688,79
55.36000061035156,164.16000366210938,79.59999847
55.470001220703125,164.22999572753906,77.51999664
56.18000030517578,163.9199981689453,74.63999938964844
56.11000061035156,164.66000366210938,75.44000244140625
56.15999984741211,167.58999633789062,78.23999786376953
56.810001373291016,168,78.44000244140625
57.150001525878906,165.3300018310547,75.36000061035156
56.959999084472656,164.9199981689453,69.80000305175781
57.41999816894531,165.4499969482422,71.12000274658203
58.119998931884766,166.89999389648438,72.68000030517578
57.40999984741211,166.75,72.63999938964844
58.029998779296875,167.77000427246094,73.51999664
57.83000183105469,168.92999267578125,81.59999847
58.45000076293945,167.67999267578125,79.76000213623047
56.900001525878906,168.1199951171875,81.80000305175781
57.400001525878906,168.0800018310547,77.12000274658203
57.150001525878906,166.64999389648438,73.83999633789062
57.529998779296875,167.52000427246094,69.55999755859375
57.529998779296875,167.16000366210938,73.68000030517578
55.34000015258789,165.77000427246094,77.76000213623047
54.91999816894531,167.64999389648438,76.12000274658203
56.54999923706055,169.83999633789062,75.04000091552734
57.09000015258789,170.4499969482422,72.27999877929688
57.970001220703125,171.2899932861328,66.23999786376953
56.31999969482422,173.14999389648438,65.51999664
56.220001220703125,174.1199951171875,68.48000336
55.97999954223633,174.4499969482422,64.27999877929688
56.06999969482422,174.17999267578125,67.16000366210938
56.20000076293945,172.9199981689453,68.72000122070312
55,174.5,65.19999694824219
55.54999923706055,173.94000244140625,65.48000336
53.779998779296875,172.61000061035156,66.91999816894531
54.45000076293945,168.74000549316406,63.75999832
56.20000076293945,167.27999877929688,66.91999816894531
55.880001068115234,167.1199951171875,66.80000305175781
49.630001068115234,166.85000610351562,69.76000213623047
50.16999816894531,166.6199951171875,63.52000045776367
47.90999984741211,165.5,60.31999969482422
47.040000915527344,166.16000366210938,55.63999938964844
48.290000915527344,165.24000549316406,53.84000015258789
48,166.6300048828125,53.31999969482422
50.50999832,166.22000122070312,48.20000076293945
51.59000015258789,166.80999755859375,48.880001068115234
52.41999816894531,166.89999389648438,50
51.02000045776367,165.8800048828125,49.52000045776367
52.029998779296875,166.5800018310547,50.84000015258789
51.439998626708984,167,50.20000076293945
50.91999816894531,165.44000244140625,49.79999923706055
51.619998931884766,166.14999389648438,49.79999923706055
51.869998931884766,168.16000366210938,49.36000061035156
50.779998779296875,167.8000030517578,48.15999984741211
49.900001525878906,167.08999633789062,50.040000915527344
51.56999969482422,167.02000427246094,50.040000915527344
52.47999954223633,168.58999633789062,50.880001068115234
53.130001068115234,168.97000122070312,48.400001525878906
54.52000045776367,169.3699951171875,52.15999984741211
54.66999816894531,168.63999938964844,51.75999832
55.08000183105469,168.58999633789062,50.959999084472656
55.099998474121094,169.8000030517578,47.68000030517578
54.36000061035156,170.9600067138672,49.959999084472656
54.83000183105469,168.3300018310547,51.08000183105469
55.59000015258789,169.57000732421875,49.75999832
55.43000030517578,169.05999755859375,51.20000076293945
56.88999938964844,166.99000549316406,51.20000076293945
56.66999816894531,167.75,52.08000183105469
56.15999984741211,168.25999450683594,54.959999084472656
58.15999984741211,170.2899932861328,56.279998779296875
58.90999984741211,170.74000549316406,63.880001068115234
58.27000045776367,170.16000366210938,56.79999923706055
59.970001220703125,169.6699981689453,56.68000030517578
60.970001220703125,169.38999938964844,57.31999969482422
61.04999923706055,172.0800018310547,53.79999923706055
60.65999984741211,171.64999389648438,51.31999969482422
60.779998779296875,171.08999633789062,52.400001525878906
60.11000061035156,172.02999877929688,53.279998779296875
60.970001220703125,172.5800018310547,54.279998779296875
61.68000030517578,169.7899932861328,55.91999816894531
61.86000061035156,167.60000610351562,60.79999923706055
61.970001220703125,167.10000610351562,65.08000183105469
62.47999954223633,168.08999633789062,68.04000091552734
62.529998779296875,168.22999572753906,68.40000153
62.52000045776367,168.83999633789062,75.91999816894531
63.50999832,168.60000610351562,68.95999908447266
64.91000366210938,168.86000061035156,63.36000061035156
64.68000030517578,170.11000061035156,59.959999084472656
63.619998931884766,170.6300048828125,58.880001068115234
64.16999816894531,171.2100067138672,56.20000076293945
63.959999084472656,170.55999755859375,55.560001373291016
65.73999786376953,173.80999755859375,55.79999923706055
66.36000061035156,174.74000549316406,58.20000076293945
64.27999877929688,173.0800018310547,60.47999954223633
63.540000915527344,174.86000061035156,63.279998779296875
64.16999816894531,177.25,62.68000030517578
64.73999786376953,177.1199951171875,61.63999938964844
65.54000091552734,177.49000549316406,62.68000030517578
66.23999786376953,178.2899932861328,64.48000336
66.33999633789062,177.13999938964844,65.16000366210938
65.80000305175781,176.5500030517578,63.279998779296875
67.48000336,178.3800048828125,61.84000015258789
71.81999969482422,181.6199951171875,64.44000244140625
75.41999816894531,179.72999572753906,68.08000183105469
74.52999877929688,180.8000030517578,66.55999755859375
79.45999908447266,183.67999267578125,69.36000061035156
82.37000274658203,186.41000366210938,67.80000305175781
85.43000030517578,191.50999450683594,64.27999877929688
75.47000122070312,185.82000732421875,63.63999938964844
74.05999755859375,186.39999389648438,65.27999877929688
76.40000153,185.08999633789062,67.16000366210938
72.83999633789062,182.3000030517578,65.87999725341797
68.62999725341797,178.88999938964844,64.83999633789062
68.27999877929688,180.00999450683594,66.76000213623047
73.68000030517578,180.88999938964844,69.48000336
74.63999938964844,179.3000030517578,68.87999725341797
79.54000091552734,180.6699981689453,69.76000213623047
78.55999755859375,179.36000061035156,72.36000061035156
81.94999694824219,181.80999755859375,72.12000274658203
79.75,183.1300048828125,75.87999725341797
80.73999786376953,182.3800048828125,77.95999908447266
74.52999877929688,179.05999755859375,76.87999725341797
76.15000153,179.13999938964844,74.40000153
77.91000366210938,180.5800018310547,77.51999664
74.12000274658203,180.64999389648438,78.87999725341797
74.16999816894531,179.5,79.68000030517578
76.86000061035156,180.3699951171875,80.19999694824219
74.80000305175781,179.24000549316406,84.23999786376953
73.05000305175781,179.66000366210938,84.91999816894531
73.11000061035156,180.33999633789062,89.48000336
74.11000061035156,181.47000122070312,88.36000061035156
72.30000305175781,182.3699951171875,93.19999694824219
75.98000336,183.77000427246094,93.59999847
78.41999816894531,184.64999389648438,98.48000336
79.56999969482422,184.0399932861328,102.4000015258789
80.41000366210938,184.61000061035156,108.5199966430664
76.86000061035156,181.82000732421875,99.95999908447266
77.23999786376953,182.7100067138672,96
78.12000274658203,182.05999755859375,96.80000305175781
76.30999755859375,180.2899932861328,90.80000305175781
74.65000153,177.0500030517578,96.87999725341797
76.45999908447266,177.32000732421875,95.27999877929688
76.37000274658203,175.97999572753906,100.76000213623047
78.08000183105469,176.92999267578125,95.40000153
77.16000366210938,176.91000366210938,100
78.37999725341797,173.6300048828125,104
76.69000244140625,174.08999633789062,107.16000366210938
80.22000122070312,175.8000030517578,116.04000091552734
80.48000336,175.1300048828125,120.4000015258789
82.12999725341797,175.4199981689453,110.72000122070312
76.56999969482422,172.8800048828125,97.23999786376953
74.52999877929688,171.4199981689453,99.16000366210938
78.18000030517578,172.82000732421875,105.5199966430664
79.23000336,170.1699981689453,105.91999816894531
81.27999877929688,168.7899932861328,105.08000183105469
83.11000061035156,170.39999389648438,109.5999984741211
81.11000061035156,169.3300018310547,113.76000213623047
79.29000091552734,169.4199981689453,113.95999908447266
80.58000183105469,171.91000366210938,111.91999816894531
81.65000153,172.02999877929688,110.91999816894531
81.97000122070312,172.8300018310547,120.27999877929688
82,174.1300048828125,120.4800033569336
82.48000336,173.0800018310547,122.12000274658203
84.58999633789062,172.75999450683594,118.91999816894531
85.45999908447266,172.85000610351562,118.31999969482422
85.47000122070312,171.13999938964844,111.63999938964844
85.54000091552734,172.22999572753906,119.16000366210938
87.25,174.35000610351562,115.16000366210938
89.47000122070312,172.5800018310547,115.83999633789062
88.38999938964844,171.82000732421875,126.91999816894531
90.04000091552734,172.94000244140625,126.87999725341797
91.98999786376953,172.77999877929688,117.63999938964844
91.08000183105469,172.22999572753906,121.4800033569336
90.12999725341797,174.5399932861328,118.87999725341797
90.36000061035156,169.92999267578125,117.63999938964844
88.44999694824219,168.57000732421875,98.87999725341797
86.93000030517578,170.77000427246094,101.80000305175781
87.66000366210938,172.69000244140625,101.08000183105469
83.33999633789062,171.27000427246094,94.72000122070312
84.05000305175781,170.6300048828125,92.80000305175781
80.87999725341797,171.30999755859375,92.83999633789062
78.98000336,170.25999450683594,85.36000061035156
81.26999664,170.08999633789062,85.16000366210938
82.93000030517578,169.89999389648438,88.44000244140625
84.72000122070312,169.6199951171875,90.59999847
82.94999694824219,169.49000549316406,87.48000336
80.34999847,168.4600067138672,76.04000091552734
81.66999816894531,168.32000732421875,77.23999786376953
74.77999877929688,164.75,74.63999938964844
73.66999816894531,162.13999938964844,75.40000153
76.55000305175781,162.22999572753906,84.55999755859375
78.54000091552734,162.3000030517578,82.27999877929688
78.23000336,161.42999267578125,88.12000274658203
72.80999755859375,160.8300018310547,84.83999633789062
73.19000244140625,161.60000610351562,89.72000122070312
72.84999847,159.3300018310547,90.80000305175781
73.73999786376953,159.00999450683594,96.95999908447266
76.80999755859375,159.16000366210938,101.36000061035156
78.05000305175781,159.5399932861328,99.72000122070312
77.63999938964844,158.0399932861328,107.12000274658203
75.48999786376953,160.27000427246094,108.08000183105469
74.52999877929688,160.6699981689453,113.19999694824219
76.22000122070312,160.22999572753906,118.83999633789062
75.16000366210938,160.0399932861328,120.4800033569336
77.87000274658203,161.6699981689453,118.95999908447266
77.12999725341797,163.63999938964844,113.36000061035156
78.05000305175781,164.10000610351562,114.4800033569336
75.12999725341797,165.02999877929688,114
75.93000030517578,164.0500030517578,105.63999938964844
73.52999877929688,164.4499969482422,114.12000274658203
71.52999877929688,167.1699981689453,112.68000030517578
71.54000091552734,165.2899932861328,110.27999877929688
73.54000091552734,166.69000244140625,105.12000274658203
73.44999694824219,167.1999969482422,107.83999633789062
74.31999969482422,166.77999877929688,113.55999755859375
76.27999877929688,166.33999633789062,120.44000244140625
74.98000336,167.8699951171875,121.04000091552734
72.87999725341797,165.7100067138672,122.23999786376953
71.23999786376953,165.4199981689453,129.0800018310547
72.05000305175781,164.35000610351562,127.5199966430664
74.20999908447266,163.9199981689453,127.04000091552734
74.05999755859375,162.72000122070312,128.1999969482422
74.68000030517578,161.63999938964844,135.16000366210938
76.83000183105469,162.77000427246094,128.0399932861328
78.04000091552734,163.25,127.44000244140625
76.5,163.75,129.1999969482422
75.84999847,161.75999450683594,127.95999908447266
78.69000244140625,161.86000061035156,127.76000213623047
75.47000122070312,160.50999450683594,125.5999984741211
73.11000061035156,159.27000427246094,126.5999984741211
70.94999694824219,157.8699951171875,126.95999908447266
71.43000030517578,159.25999450683594,122.83999633789062
71.41999816894531,158.3300018310547,111.19999694824219
67.62000274658203,159.94000244140625,108.04000091552734
68.08999633789062,158.97999572753906,110.12000274658203
71.09999847,159.82000732421875,111.55999755859375
72.37000274658203,160.6300048828125,116.04000091552734
72.01000213623047,158.5399932861328,116.5199966430664
72.73000336,157.92999267578125,125.80000305175781
69.76000213623047,154.97999572753906,114.63999938964844
69.90000153,155.83999633789062,107.80000305175781
70.05000305175781,155.9600067138672,109.4000015258789
69.22000122070312,155.07000732421875,106.68000030517578
68.68000030517578,155.7899932861328,107.87999725341797
68.97000122070312,155.6999969482422,100.5999984741211
65.31999969482422,153.00999450683594,96.27999877929688
63.20000076293945,151.22999572753906,96.83999633789062
64.41999816894531,151.5399932861328,93.63999938964844
67.12999725341797,154.69000244140625,96.36000061035156
66.76999664,154.66000366210938,94.80000305175781
65.27999877929688,154.6699981689453,93.51999664
67.88999938964844,158.42999267578125,89.83999633789062
70.27999877929688,160.6999969482422,93.95999908447266
71.94000244140625,159.80999755859375,95.76000213623047
72.98999786376953,159.6300048828125,95.36000061035156
75.09999847,157.8800048828125,91.76000213623047
73.77999877929688,155.47999572753906,89.80000305175781
71.75,155.16000366210938,90.48000336
70.93000030517578,155.99000549316406,88.44000244140625
72.51999664,154.91000366210938,92.16000366210938
70.16999816894531,152.97999572753906,89.44000244140625
70.12999725341797,153.4199981689453,83.36000061035156
68.69999694824219,153.75,80.16000366210938
70.04000091552734,151.69000244140625,76.27999877929688
70.18000030517578,151.4499969482422,75.31999969482422
70.56999969482422,154.14999389648438,71.27999877929688
70.37999725341797,153.64999389648438,74.31999969482422
70.61000061035156,154,80
72.97000122070312,154.97999572753906,79.31999969482422
73.62000274658203,154.74000549316406,75.63999938964844
72.81999969482422,153.16000366210938,74.76000213623047
71.52999877929688,151.91000366210938,81.51999664
73.12000274658203,153.4600067138672,75.36000061035156
74.08000183105469,152.38999938964844,79.63999938964844
73.29000091552734,151.80999755859375,76.40000153
76.81999969482422,156.47000122070312,83.27999877929688
76.55999755859375,155.85000610351562,86.80000305175781
74.47000122070312,159.4499969482422,80.80000305175781
71.66999816894531,158.64999389648438,76.63999938964844
72.23999786376953,163.47999572753906,79.51999664
74.37999725341797,164.55999755859375,76.63999938964844
71.91000366210938,164.9199981689453,78.08000183105469
73.25,165.5,79.08000183105469
72.04000091552734,165.1199951171875,80.36000061035156
70.13999938964844,163.9199981689453,82.40000153
69.02999877929688,162.7899932861328,82.23999786376953
69.02999877929688,161.8800048828125,87.16000366210938
69.98000336,162.07000732421875,91.40000153
67.41000366210938,163.0800018310547,94.04000091552734
66.95999908447266,163.22000122070312,90.80000305175781
66.87999725341797,161.92999267578125,89.44000244140625
68.33999633789062,162.72999572753906,88.55999755859375
70.23000336,164.80999755859375,84.87999725341797
70.44999694824219,167.83999633789062,83.48000336
69.83999633789062,167.25999450683594,76.31999969482422
67.72000122070312,164.38999938964844,68.40000153
65.23000336,164.83999633789062,65.55999755859375
63.650001525878906,166.3300018310547,70.95999908447266
62.709999084472656,166.47000122070312,73
62.849998474121094,167.05999755859375,77.04000091552734
64.41000366210938,165.67999267578125,79.63999938964844
65.86000061035156,168.50999450683594,85.08000183105469
67.36000061035156,168.10000610351562,77.87999725341797
66.15000153,165.35000610351562,83.68000030517578
64.90000153,166.7899932861328,80.40000153
66.06999969482422,166.32000732421875,72
66.22000122070312,169.0800018310547,66.44000244140625
68.05999755859375,168.8000030517578,67.40000153
67.69999694824219,166.75999450683594,63.24000168
69.31999969482422,167.25999450683594,63.63999938964844
69.52999877929688,168.6699981689453,64.48000336
68.58000183105469,167.91000366210938,60.20000076293945
68.52999877929688,168.85000610351562,58.15999984741211
70.11000061035156,169.63999938964844,56.400001525878906
67.63999938964844,171.05999755859375,51.119998931884766
64.30000305175781,172.6699981689453,52.91999816894531
64.77999877929688,170.52000427246094,47.84000015258789
64.83000183105469,173.7100067138672,47.560001373291016
65.87999725341797,174.10000610351562,49.720001220703125
65.90000153,174.74000549316406,45.720001220703125
68.05000305175781,174.6199951171875,46.880001068115234
68.61000061035156,176.63999938964844,47.040000915527344
70.05000305175781,178.75999450683594,44.119998931884766
70.86000061035156,177.58999633789062,46.20000076293945
69.51000213623047,177.0800018310547,42.47999954223633
70.58999633789062,179.88999938964844,42.040000915527344
71.55000305175781,179.2899932861328,41.040000915527344
71.5,179.6300048828125,44.040000915527344
70.22000122070312,180.27999877929688,41.959999084472656
70.51000213623047,181.11000061035156,39.24000168
70.93000030517578,179.47000122070312,38.47999954223633
69.5,179.22000122070312,39.24000168
68.09999847,178.75999450683594,36.47999954223633
69.31999969482422,179.41000366210938,37.279998779296875
67.36000061035156,181.6699981689453,34
66.56999969482422,177.89999389648438,33.52000045776367
64.40000153,173.4600067138672,32.75999832
65.5,173.82000732421875,34
67.76000213623047,173.97999572753906,35.47999954223633
68.68000030517578,174.41000366210938,32.91999816894531
67.91999816894531,173.02999877929688,33.400001525878906
69.87000274658203,173.36000061035156,35.15999984741211
69.5,172.47999572753906,33.31999969482422
69.40000153,172.61000061035156,35.400001525878906
69.01999664,170.88999938964844,33.68000030517578
68.44999694824219,170.75,33.040000915527344
67.01999664,171.25999450683594,31.040000915527344
66.69000244140625,170.6199951171875,28.84000015258789
64.91999816894531,169.66000366210938,30.31999969482422
66.37999725341797,169.57000732421875,32.279998779296875
67.09999847,168.35000610351562,33.959999084472656
66.25,169.00999450683594,35.84000015258789
67.20999908447266,169.77999877929688,36.47999954223633
68.06999969482422,170.75999450683594,37.20000076293945
68.30000305175781,170.66000366210938,36.68000030517578
69.86000061035156,172.49000549316406,39.52000045776367
70.48999786376953,171.6199951171875,34.599998474121094
67.84999847,168.6199951171875,35.08000183105469
67.09999847,168.5399932861328,34.31999969482422
66.23999786376953,170.1999969482422,32.959999084472656
67.13999938964844,173.8699951171875,32.15999984741211
65.25,177.86000061035156,34.599998474121094
62.93000030517578,176.8300018310547,34.279998779296875
60.02000045776367,178.2100067138672,32.400001525878906
60.04999923706055,178.57000732421875,33.36000061035156
58.65999984741211,183.77000427246094,31.200000762939453
59.790000915527344,183.83999633789062,29.84000015258789
61.22999954223633,180.3699951171875,30.920000076293945
61.61000061035156,183.44000244140625,29.520000457763672
60.99000168,185.74000549316406,28.719999313354492
60.959999084472656,183.64999389648438,29.31999969482422
64.15000153,181.9499969482422,28.280000686645508
64.55000305175781,183.44000244140625,27.31999969482422
64.15000153,182.52999877929688,27.600000381469727
65.31999969482422,184.17999267578125,26.719999313354492
66.44000244140625,183.22000122070312,27.760000228881836
70.26999664,184.5399932861328,26.84000015258789
70.26999664,187.97999572753906,26.440000534057617
70.23999786376953,187.8300018310547,27.15999984741211
70.26000213623047,186.49000549316406,25.639999389648438
69.76000213623047,185.11000061035156,27.399999618530273
71.06999969482422,186.27999877929688,28.239999771118164
72.43000030517578,187.19000244140625,26.600000381469727
71.80000305175781,189.72000122070312,25.639999389648438
72.08999633789062,186.36000061035156,26.760000228881836
70.83999633789062,185.52999877929688,28.520000457763672
70.73000336,186.25,29.399999618530273
69.30000305175781,185.36000061035156,27.959999084472656
67.59999847,186.08999633789062,28.079999923706055
68.20999908447266,184.25,28
69.25,184.80999755859375,28.760000228881836
67.62000274658203,185.75,28
65.36000061035156,184.74000549316406,27.040000915527344
65.80999755859375,184.75,27.520000457763672
67.5,184.8000030517578,28.040000915527344
66.55000305175781,183.97000122070312,27.040000915527344
63.04999923706055,187.52000427246094,25.959999084472656
60.310001373291016,189.11000061035156,25.239999771118164
60.70000076293945,190.44000244140625,24.440000534057617
63.029998779296875,187.4600067138672,24.68000030517578
64.26000213623047,187.69000244140625,26.12000084
64.87000274658203,189.02000427246094,26.520000457763672
64.38999938964844,188.75,25.600000381469727
63.25,187.1300048828125,25.559999465942383
62.06999969482422,186.80999755859375,26.559999465942383
62.99000168,187.2100067138672,27.760000228881836
62.540000915527344,184.8699951171875,27.440000534057617
64.59999847,184.22999572753906,27.600000381469727
64.04000091552734,181.83999633789062,29.920000076293945
63.900001525878906,183.63999938964844,29.84000015258789
63.90999984741211,183.2100067138672,28
64.87000274658203,183.42999267578125,27.520000457763672
65.66000366210938,181.9499969482422,28.239999771118164
64.08999633789062,180.1999969482422,27.040000915527344
64.80000305175781,180.9199981689453,26.559999465942383
62.29999923706055,182.0399932861328,25.31999969482422
60.630001068115234,182.32000732421875,24.799999237060547
62.54999923706055,183.75999450683594,23.760000228881836
64.15000153,181.0500030517578,23.920000076293945
64.02999877929688,182.13999938964844,24.719999313354492
63.790000915527344,182.33999633789062,24.84000015258789
64.70999908447266,180.14999389648438,25.559999465942383
63.459999084472656,182.52999877929688,25.68000030517578
62.93000030517578,182.0399932861328,24.87999916
60.24000168,181.8800048828125,24.959999084472656
62.13999938964844,180.5399932861328,25.68000030517578
61.83000183105469,180.63999938964844,25.799999237060547
63.40999984741211,181.91000366210938,28.079999923706055
64.34999847,181.6300048828125,28.760000228881836
63.91999816894531,179.75,27.399999618530273
65.04000091552734,179.49000549316406,28.559999465942383
62.52000045776367,177.7100067138672,28.68000030517578
62.41999816894531,178.1999969482422,30.200000762939453
62.72999954223633,178.50999450683594,30.799999237060547
61.29999923706055,177.69000244140625,29.87999916
62.52000045776367,177.27999877929688,28.360000610351562
62.959999084472656,177.08999633789062,28.719999313354492
63.54999923706055,178.27000427246094,29.68000030517578
63.38999938964844,178.47000122070312,28.959999084472656
64.62999725341797,177.83999633789062,28.440000534057617
64.44000244140625,177.30999755859375,28.15999984741211
65.84999847,178.63999938964844,27.440000534057617
65.54000091552734,178.77999877929688,28.440000534057617
67.02999877929688,179.4499969482422,29.200000762939453
67.87000274658203,181.8800048828125,28.31999969482422
69.08999633789062,182.00999450683594,27.280000686645508
67.47000122070312,181.42999267578125,27.15999984741211
66.58000183105469,181.55999755859375,27.079999923706055
67.95999908447266,183.63999938964844,28
67.69000244140625,183.6699981689453,28
68.05000305175781,182.74000549316406,29.12000084
68.98999786376953,182.17999267578125,29.079999923706055
70.69000244140625,181.39999389648438,28.959999084472656
71.16000366210938,182.41000366210938,29.360000610351562
70.66000366210938,183.3000030517578,28.87999916
71.43000030517578,180.4199981689453,28
72.08999633789062,181.86000061035156,28.360000610351562
73.16999816894531,182.35000610351562,28.440000534057617
72.95999908447266,180.4600067138672,27.68000030517578
71.48000336,179.60000610351562,26.68000030517578
73.13999938964844,179.5399932861328,27.520000457763672
73.79000091552734,180.19000244140625,27.799999237060547
73.81999969482422,179.77999877929688,29.600000381469727
74.05999755859375,178.63999938964844,30.079999923706055
75.09999847,177.7899932861328,31.87999916
74.19999694824219,177.60000610351562,29.920000076293945
74.25,177.60000610351562,29.959999084472656
73.80999755859375,177.05999755859375,30.079999923706055
72.62000274658203,176.58999633789062,28.68000030517578
71.37000274658203,175.57000732421875,28
71.98000336,175.3000030517578,28.280000686645508
72.79000091552734,175.3300018310547,27.760000228881836
72.58000183105469,175.80999755859375,27.87999916
72.27999877929688,176.10000610351562,27.12000084
71.36000061035156,177.88999938964844,26.440000534057617
71.41000366210938,177.85000610351562,26.959999084472656
72.44999694824219,177.6199951171875,27.440000534057617
72.41000366210938,178.1300048828125,27.399999618530273
73.31999969482422,179.8699951171875,27.440000534057617
73.66000366210938,180.32000732421875,28.799999237060547
75.05999755859375,180.02000427246094,28.440000534057617
76.91999816894531,180.11000061035156,28.200000762939453
77.76000213623047,178.63999938964844,26.600000381469727
78.51999664,177.8300018310547,25.920000076293945
77.94999694824219,178.02000427246094,26.600000381469727
78.30000305175781,178.0800018310547,26.84000015258789
78.37000274658203,178.41000366210938,26.84000015258789
79.69999694824219,177.49000549316406,28.200000762939453
79.68000030517578,177.0800018310547,27.799999237060547
81.12000274658203,177.1699981689453,27.719999313354492
81.29000091552734,178.33999633789062,27.239999771118164
81.44999694824219,179.38999938964844,27.799999237060547
81.5,179.22000122070312,28.12000084
80.13999938964844,179.35000610351562,27.15999984741211
80.41000366210938,178.0500030517578,26.479999542236328
80.62999725341797,178.6199951171875,26.799999237060547
80.38999938964844,177.6999969482422,26.959999084472656
80.87999725341797,176.27999877929688,26.440000534057617
82.90000153,174.10000610351562,26.87999916
81.56999969482422,173.22999572753906,27.360000610351562
80.86000061035156,171.4499969482422,27.31999969482422
79.38999938964844,169.64999389648438,26.520000457763672
79.93000030517578,169.16000366210938,27.440000534057617
75.58999633789062,169.13999938964844,27.920000076293945
73.98999786376953,168.8300018310547,29.639999389648438
74.16000366210938,169.6999969482422,30.959999084472656
77.12999725341797,172.82000732421875,31.520000457763672
76.70999908447266,172.52999877929688,31.600000381469727
75.66999816894531,173.7899932861328,31.600000381469727
75.41999816894531,173.25999450683594,31.200000762939453
78.98999786376953,178.8300018310547,30
78.38999938964844,177.9600067138672,29.12000084
78.80000305175781,178.2899932861328,28.719999313354492
79.83999633789062,180.8699951171875,28.719999313354492
81.68000030517578,183.08999633789062,27.639999389648438
80.69999694824219,183.58999633789062,27.12000084
78.88999938964844,182.97000122070312,27.239999771118164
76.93000030517578,182.9499969482422,27.84000015258789
78.45999908447266,183.72000122070312,28.280000686645508
76.88999938964844,184.00999450683594,29.239999771118164
78.36000061035156,186.14999389648438,28.799999237060547
76.05000305175781,185.10000610351562,27.799999237060547
75.01999664,184.08999633789062,30
74.75,183.50999450683594,29.079999923706055
76.18000030517578,184.1199951171875,29.15999984741211
74.84999847,184.7899932861328,29.040000915527344
74.91000366210938,183.35000610351562,27.280000686645508
71.80000305175781,182.58999633789062,26.440000534057617
70.19000244140625,180.77000427246094,26.15999984741211
70.25,181.49000549316406,25.360000610351562
71.79000091552734,179.50999450683594,25.31999969482422
72.91999816894531,180.50999450683594,26.87999916
72.69000244140625,182.1199951171875,25.84000015258789
71.33999633789062,181.63999938964844,26.239999771118164
68.05000305175781,183.69000244140625,25.479999542236328
70.75,183.6699981689453,24.639999389648438
72.30000305175781,183.3699951171875,23.959999084472656
72.52999877929688,185.35000610351562,23.559999465942383
71.61000061035156,184.55999755859375,23.920000076293945
70.81999969482422,185.52000427246094,23.639999389648438
69.95999908447266,186.77000427246094,23.200000762939453
71.26000213623047,189.25999450683594,22.079999923706055
72.51999664,189.5399932861328,22.040000915527344
70.13999938964844,188.75,22.079999923706055
69.23999786376953,192.00999450683594,21.799999237060547
68.47000122070312,187.86000061035156,21.360000610351562
67.58000183105469,187.14999389648438,21.360000610351562
64.76000213623047,187.83999633789062,20.239999771118164
65.11000061035156,188.14999389648438,20.280000686645508
66.52999877929688,185.63999938964844,20.079999923706055
66.80000305175781,183.58999633789062,19.239999771118164
64.25,183.49000549316406,18.079999923706055
65.33000183105469,187.6300048828125,18.399999618530273
67.16000366210938,188.72999572753906,19.040000915527344
67.15000153,187,19.31999969482422
68.08999633789062,187.85000610351562,19.559999465942383
69.36000061035156,189.1300048828125,19.600000381469727
68.79000091552734,188.10000610351562,18.799999237060547
69.02999877929688,189.42999267578125,19.959999084472656
68.69000244140625,190.27000427246094,20.15999984741211
70.20999908447266,191.72000122070312,19.719999313354492
68.91999816894531,192.58999633789062,19.799999237060547
67.18000030517578,191.47000122070312,20.559999465942383
66.65000153,191.1699981689453,20.280000686645508
