NVDA,BAC,COST
4.983749866485596,29.899999618530273,188.32000732421875
5.3117499351501465,29.799999237060547,190.5800018310547
5.339749813079834,30.190000534057617,189.10000610351562
5.385000228881836,30.329999923706055,187.75
5.550000190734863,30.12000084,188.47999572753906
5.548500061035156,30.270000457763672,186.2899932861328
5.5920000076293945,30.549999237060547,185.4199981689453
5.6020002365112305,30.65999984741211,189.3800048828125
5.574500084,31.190000534057617,191.83999633789062
5.502749919891357,31.239999771118164,191.52999877929688
5.618000030517578,31.18000030517578,192.2899932861328
5.611000061035156,31.479999542236328,191.50999450683594
5.752749919891357,31.719999313354492,192.2899932861328
5.842249870300293,31.940000534057617,194.3800048828125
5.972750186920166,31.920000076293945,193.4199981689453
5.894999980926514,32.09000015258789,194.24000549316406
5.908750057220459,32.09000015258789,197.9499969482422
6.083250045776367,32.20000076293945,198.91000366210938
6.171249866485596,32.279998779296875,198.32000732421875
6.067999839782715,31.87999916,197.91000366210938
6.144999980926514,32,194.8699951171875
6.012499809265137,32.5,193.47000122070312
5.8379998207092285,31.950000762939453,190.99000549316406
5.34250021,30.260000228881836,182.77000427246094
5.639500141143799,31.200000762939453,185.00999450683594
5.71999979,31.25,183.19000244140625
5.438000202178955,29.739999771118164,178.61000061035156
5.802000045776367,30.329999923706055,180.72000122070312
5.700749874,31.12000084,181.05999755859375
5.8157501220703125,31.18000030517578,184.14999389648438
6.0355000495910645,32,187.35000610351562
6.162499904632568,32.209999084472656,191.47999572753906
6.0960001945495605,31.969999313354492,191.55999755859375
6.2270002365112305,31.93000030517578,188.1199951171875
6.037749767303467,31.87000084,185.75
6.053750038146973,31.690000534057617,186.58999633789062
6.148250102996826,32.029998779296875,189.80999755859375
6.1645002365112305,32.41999816894531,192.80999755859375
6.151500225067139,32.33000183105469,190.10000610351562
6.050000190734863,32.099998474121094,190.89999389648438
5.805250168,31.479999542236328,189.02999877929688
5.913499832,31.62999916,189.3300018310547
5.891250133514404,32.130001068115234,191.47999572753906
6.053999900817871,32.11000061035156,191.4600067138672
6.046000003814697,32.18000030517578,187.36000061035156
6.0295000076293945,32.20000076293945,185.69000244140625
6.1332502365112305,32.720001220703125,188.5800018310547
6.243999958,32.84000015258789,189.3699951171875
6.192749977111816,32.36000061035156,187.4600067138672
6.218500137329102,32.13999938964844,184.6300048828125
6.233500003814697,32.099998474121094,185.50999450683594
6.262000084,32.16999816894531,185.8699951171875
6.025000095367432,31.979999542236328,184.14999389648438
6.239500045776367,31.979999542236328,187.35000610351562
6.214000225067139,31.87000084,186.07000732421875
6.046249866485596,30.549999237060547,182.63999938964844
5.824250221252441,29.170000076293945,180.83999633789062
6.111999988555908,30.440000534057617,187.22000122070312
5.638000011444092,29.520000457763672,183.14999389648438
5.533750057220459,29.389999389648438,183.61000061035156
5.789750099182129,29.989999771118164,188.42999267578125
5.526249885559082,29.309999465942383,182.75
5.633749961853027,29.59000015258789,182.61000061035156
5.656000137329102,29.87999916,185.52000427246094
5.5345001220703125,30.31999969482422,186.25
5.356249809265137,29.62999916,183.9600067138672
5.385250091552734,29.87000084,184.41000366210938
5.697750091552734,30.479999542236328,183.5500030517578
5.656000137329102,29.899999618530273,184.64999389648438
5.864999771118164,30.649999618530273,188.82000732421875
5.787499904632568,29.799999237060547,188.91000366210938
5.787250042,29.93000030517578,194.5800018310547
5.938499927520752,30.040000915527344,196
5.909249782562256,29.530000686645508,196.50999450683594
5.725999832,30.18000030517578,195.07000732421875
5.717750072479248,30.260000228881836,193.55999755859375
5.5970001220703125,30.31999969482422,193.35000610351562
5.53000021,30.190000534057617,192.50999450683594
5.416500091552734,30.139999389648438,193.97000122070312
5.630499839782715,30.06999969482422,195.25999450683594
5.658249855041504,30.149999618530273,196.5800018310547
5.622499942779541,29.920000076293945,197.16000366210938
5.678500175476074,29.950000762939453,196.5500030517578
5.657750129699707,29.579999923706055,194
5.824749946594238,29.200000762939453,193.00999450683594
5.976500034332275,29.299999237060547,195.19000244140625
6.2170000076293945,29.639999389648438,193.05999755859375
6.260000228881836,29.93000030517578,194.47999572753906
6.394499778747559,30.719999313354492,196.0399932861328
6.5032501220703125,30.889999389648438,195.4499969482422
6.363249778747559,30.920000076293945,195.75999450683594
6.383999824523926,31.12000084,195.8800048828125
6.138999938964844,31.219999313354492,195.47999572753906
6.150249958,31.059999465942383,198.7100067138672
6.192749977111816,30.809999465942383,199.60000610351562
6.148499965667725,30.260000228881836,198.9600067138672
6.105999946594238,30.549999237060547,199.6199951171875
6.067500114440918,30.889999389648438,198.97000122070312
6.188499927520752,30.440000534057617,198.13999938964844
6.192249774932861,30.209999084472656,198.88999938964844
6.231999874,30.15999984741211,198.36000061035156
6.214749813079834,28.959999084472656,196.74000549316406
6.324749946594238,29.489999771118164,199.63999938964844
6.304749965667725,29.040000915527344,198.24000549316406
6.440499782562256,29.399999618530273,197.1300048828125
6.621250152587891,29.399999618530273,198.6199951171875
6.6267499923706055,29.12000084,197.83999633789062
6.628749847412109,30.040000915527344,197.66000366210938
6.572500228881836,30.09000015258789,202.57000732421875
6.557000160217285,30.010000228881836,203.75999450683594
6.515500068664551,30.059999465942383,204.5
6.564499855041504,29.899999618530273,204.8800048828125
6.559999942779541,29.84000015258789,204.11000061035156
6.672749996185303,29.5,205.1199951171875
6.631499767303467,29.280000686645508,207.32000732421875
6.6272501945495605,29.399999618530273,206.2100067138672
6.5042500495910645,29.260000228881836,207.52999877929688
6.557750225067139,29.239999771118164,207.97999572753906
6.427750110626221,29.290000915527344,209.9600067138672
6.273749828338623,28.989999771118164,211.10000610351562
5.978000164031982,28.479999542236328,211.75
6.049749851226807,28.540000915527344,210.08999633789062
5.893000126,28.239999771118164,210.02999877929688
6.021500110626221,28.670000076293945,208.7100067138672
5.922500133514404,28.190000534057617,208.97999572753906
6.056000232696533,28.280000686645508,207.99000549316406
5.921000003814697,27.780000686645508,207.1199951171875
6.0682501792907715,27.920000076293945,209.13999938964844
6.1832499504089355,28.030000686645508,209.6199951171875
6.231249809265137,29.049999237060547,210.94000244140625
6.331250190734863,28.829999923706055,211.6999969482422
6.1882500648498535,28.68000030517578,210.9499969482422
6.280749797821045,28.770000457763672,214.02000427246094
6.232999801635742,28.549999237060547,216.5399932861328
6.204999923706055,29.780000686645508,214.85000610351562
6.342249870300293,30.010000228881836,215
6.292500019073486,30.12999916,214.97000122070312
6.300749778747559,29.670000076293945,217.5399932861328
6.272250175476074,30.12999916,218.69000244140625
6.235249996185303,30.75,218.83999633789062
6.217750072479248,30.829999923706055,218.5800018310547
6.296750068664551,31.06999969482422,220.6999969482422
6.370999813079834,30.940000534057617,221.72000122070312
6.300499916,31.059999465942383,219.64999389648438
6.103250026702881,31.309999465942383,219.11000061035156
6.121500015258789,30.87999916,218.7100067138672
6.161749839782715,31.25,217.1300048828125
6.265500068664551,31.280000686645508,221.1199951171875
6.302499771118164,31.510000228881836,222.02999877929688
6.350749969482422,31.520000457763672,222.72000122070312
6.423749923706055,31.510000228881836,223.86000061035156
6.4604997634887695,31.799999237060547,224.5800018310547
6.411499977111816,31.600000381469727,218.24000549316406
6.369750022888184,31.190000534057617,220.30999755859375
6.4029998779296875,30.479999542236328,219.55999755859375
6.535749912261963,30.790000915527344,222
6.4770002365112305,30.360000610351562,221.6699981689453
6.435999870300293,30.719999313354492,223.19000244140625
6.120500087738037,30.739999771118164,225.67999267578125
6.196000099182129,30.87000084,227.35000610351562
6.333000183105469,31.020000457763672,228.5399932861328
6.570499897003174,30.979999542236328,229.2100067138672
6.671000003814697,30.84000015258789,229.50999450683594
6.805500030517578,30.889999389648438,231.27999877929688
6.897500038146973,31.309999465942383,230.02999877929688
6.859499931335449,31.270000457763672,230.25999450683594
6.962250232696533,31.139999389648438,230.19000244140625
6.945250034332275,31.010000228881836,230.8300018310547
7.017000198364258,30.93000030517578,233.1300048828125
7.09250021,31.139999389648438,234.67999267578125
6.9604997634887695,31.18000030517578,235.61000061035156
6.817999839782715,30.850000381469727,236.67999267578125
6.796500205993652,30.860000610351562,241.4600067138672
6.868249893188477,30.81999969482422,243.17999267578125
6.820000171661377,30.850000381469727,244.2100067138672
6.704999923706055,30.43000030517578,242.44000244140625
6.7835001945495605,30.139999389648438,241.27000427246094
6.910749912261963,30.37000084,235.3800048828125
6.848249912261963,30.280000686645508,232
6.7754998207092285,30.209999084472656,234.35000610351562
6.799499988555908,31,233.85000610351562
6.6570000648498535,31.190000534057617,233.9199981689453
6.586249828338623,31.030000686645508,234.75999450683594
6.642499923706055,30.739999771118164,233.33999633789062
6.710249900817871,30.670000076293945,232.92999267578125
6.672999858856201,30.12999916,233.80999755859375
6.684999942779541,29.940000534057617,234
7.0254998207092285,29.459999084472656,234.8800048828125
7.234000205993652,29.649999618530273,234.64999389648438
7.1620001792907715,29.579999923706055,236.35000610351562
7.168250084,30,233.1999969482422
6.982250213623047,30.43000030517578,231.67999267578125
6.746500015258789,30.229999542236328,218.82000732421875
6.644249916,30.270000457763672,223.92999267578125
6.638500213623047,29.979999542236328,224.1699981689453
6.142250061035156,29.239999771118164,221.0500030517578
5.8782501220703125,28.360000610351562,221.82000732421875
6.163499832,28.459999084472656,226.9499969482422
5.884500026702881,27.920000076293945,224.50999450683594
6.145750045776367,28.530000686645508,227.67999267578125
6.076499938964844,28.899999618530273,228.49000549316406
5.988249778747559,28.25,228.5800018310547
5.729249954223633,28.31999969482422,229.6699981689453
5.7804999351501465,27.37999916,229.05999755859375
5.526500225067139,27.020000457763672,228.75
4.985249996185303,26.190000534057617,223.75999450683594
5.196000099182129,26.59000015258789,226.39999389648438
4.957250118255615,26.389999389648438,218.19000244140625
4.640500068664551,26.610000610351562,222.4199981689453
5.074999809265137,26.780000686645508,227.9199981689453
5.270750045776367,27.5,228.6300048828125
5.452750205993652,27.809999465942383,229.60000610351562
5.373000144958496,27.889999389648438,230.16000366210938
5.294250011444092,28.059999465942383,234.4499969482422
5.276500225067139,28.209999084472656,236.7100067138672
5.344749927520752,28.540000915527344,240.3699951171875
5.149750232696533,28.87000084,238.6999969482422
5.141749858856201,28.520000457763672,237.74000549316406
4.738500118255615,27.75,234.47999572753906
4.982749938964844,27.760000228881836,234.13999938964844
4.929749965667725,27.209999084472656,233.30999755859375
5.059750080108643,27.899999618530273,229.94000244140625
4.110750198364258,27.75,231.02000427246094
3.617500066757202,27.75,228.74000549316406
3.7269999980926514,27.37999916,219.30999755859375
3.6177499294281006,27.270000457763672,218.57000732421875
3.625,26.969999313354492,220.05999755859375
3.8262500762939453,27.559999465942383,219.4499969482422
3.843250036239624,27.739999771118164,223.00999450683594
4.0017499923706055,28.43000030517578,230.33999633789062
3.934000015258789,28.040000915527344,231
4.085750102996826,28.399999618530273,231.27999877929688
4.250999927520752,28.540000915527344,232.0800018310547
3.9277501106262207,26.989999771118164,226.35000610351562
3.9572501182556152,26.280000686645508,233.1999969482422
3.6902499198913574,25.43000030517578,224.86000061035156
3.7964999675750732,24.760000228881836,222.66000366210938
3.7047500610351562,24.579999923706055,226.5
3.7225000858306885,24.520000457763672,227.8000030517578
3.722249984741211,24.399999618530273,226.50999450683594
3.661250114440918,24.479999542236328,207.05999755859375
3.5894999504089355,24.469999313354492,202.22999572753906
3.6735000610351562,24.469999313354492,202.99000549316406
3.462749958,24.18000030517578,201.41000366210938
3.377500057220459,24.110000610351562,197.1300048828125
3.2392499446868896,23.37000084,194.52000427246094
3.177000045776367,22.729999542236328,189.99000549316406
3.327500104904175,24.110000610351562,198.6300048828125
3.279249906539917,24.37000084,201.0800018310547
3.341249942779541,24.389999389648438,202.0399932861328
3.3375000953674316,24.639999389648438,203.7100067138672
3.4054999351501465,24.959999084472656,204.75999450683594
3.1997499465942383,24.559999465942383,200.4199981689453
3.404750108718872,25.579999923706055,206.24000549316406
3.5850000381469727,25.559999465942383,207
3.4957499504089355,25.510000228881836,208.5500030517578
3.564500093460083,25.760000228881836,209.89999389648438
3.6307499408721924,25.729999542236328,210.63999938964844
3.720750093460083,26.030000686645508,210.50999450683594
3.760999917984009,26.37000084,209
3.7467501163482666,26.549999237060547,211.02999877929688
3.7209999561309814,28.450000762939453,210.17999267578125
3.7929999828338623,28.989999771118164,211.4600067138672
3.9232499599456787,29.299999237060547,213.58999633789062
3.719249963760376,29.09000015258789,212.39999389648438
3.7322499752044678,28.920000076293945,212.08999633789062
3.946000099182129,29.079999923706055,210.30999755859375
4.003749847412109,29.579999923706055,209.07000732421875
3.4502499103546143,29.62999916,210.77000427246094
3.2899999618530273,29.389999389648438,210.30999755859375
3.4347500801086426,29.06999969482422,211.35000610351562
3.59375,28.469999313354492,214.6300048828125
3.6182498931884766,28.37999916,210.27000427246094
3.7295000553131104,28.87999916,211.17999267578125
3.7487499713897705,28.780000686645508,211.61000061035156
3.825000047683716,28.729999542236328,211.60000610351562
3.685499906539917,28.239999771118164,209.0500030517578
3.7042500972747803,28.290000915527344,207.75
3.661250114440918,28.40999984741211,208.72000122070312
3.779249906539917,28.690000534057617,211.89999389648438
3.822000026702881,28.700000762939453,212.8000030517578
3.8632500171661377,28.389999389648438,213.83999633789062
3.933500051498413,29.110000610351562,216.47000122070312
3.9159998893737793,29.12999916,218.1199951171875
3.963749885559082,29.40999984741211,217.11000061035156
3.894249916,29.290000915527344,215.22999572753906
3.979749917984009,29.079999923706055,216.2899932861328
3.967250108718872,29.270000457763672,217.0500030517578
3.927500009536743,29.290000915527344,217.61000061035156
3.8852500915527344,29.530000686645508,218.0500030517578
3.8564999103546143,29.079999923706055,218.74000549316406
3.911250114440918,29.309999465942383,219.44000244140625
3.9195001125335693,29.030000686645508,218.41000366210938
3.9130001068115234,29.079999923706055,219.82000732421875
3.8012499809265137,28.84000015258789,219.22999572753906
3.7314999103546143,28.549999237060547,216.7899932861328
3.7660000324249268,28.649999618530273,227.82000732421875
4.028500080108643,28.940000534057617,229.69000244140625
4.063000202178955,28.940000534057617,232.9600067138672
4.2154998779296875,29.290000915527344,236.3800048828125
4.138999938964844,29.459999084472656,233.83999633789062
4.245250225067139,29.299999237060547,233.60000610351562
4.223750114440918,29.81999969482422,236.58999633789062
4.392749786376953,29.649999618530273,237.0500030517578
4.360000133514404,28.639999389648438,236.97999572753906
4.598499774932861,28.18000030517578,239.5399932861328
4.4375,27.010000228881836,237.55999755859375
4.3445000648498535,26.84000015258789,236.97000122070312
4.421750068664551,27.209999084472656,239.07000732421875
4.412499904632568,27.030000686645508,239.41000366210938
4.431250095367432,27.329999923706055,241.22000122070312
4.488999843597412,27.59000015258789,242.13999938964844
4.557000160217285,28.540000915527344,244.19000244140625
4.574999809265137,28.87000084,240.5
4.7154998779296875,28.84000015258789,242.47999572753906
4.706500053405762,29.149999618530273,244.39999389648438
4.773749828338623,29.079999923706055,245.8699951171875
4.794750213623047,29.170000076293945,246.52000427246094
4.731500148773193,28.889999389648438,244.91000366210938
4.802499771118164,29.06999969482422,245.61000061035156
4.788499832,29.06999969482422,241.24000549316406
4.750249862670898,30.170000076293945,241.9499969482422
4.617499828338623,29.84000015258789,246.3300018310547
4.705249786376953,29.87999916,245.33999633789062
4.682250022888184,30.030000686645508,245.55999755859375
4.65749979,30.030000686645508,245.80999755859375
4.711750030517578,30.049999237060547,243.4199981689453
4.766749858856201,30.06999969482422,245.5800018310547
4.779250144958496,30.020000457763672,247.9600067138672
4.672749996185303,30.079999923706055,245.60000610351562
4.452250003814697,30.350000381469727,243.82000732421875
4.483250141143799,30.770000457763672,244.27999877929688
4.525000095367432,30.579999923706055,245.52999877929688
4.511750221252441,30.260000228881836,241.58999633789062
4.579750061035156,30.5,242.69000244140625
4.575250148773193,30.709999084472656,244.6199951171875
4.496250152587891,30.469999313354492,244.22999572753906
4.327750205993652,29.920000076293945,240.17999267578125
4.3480000495910645,29.799999237060547,241.33999633789062
4.254749774932861,29.709999084472656,243.47000122070312
4.2204999923706055,29.579999923706055,247.02000427246094
3.961250066757202,28.25,241.9199981689453
4.051000118255615,28.62000084,242.72999572753906
3.989500045776367,28.290000915527344,244.6699981689453
4.004749774932861,28.59000015258789,247.44000244140625
3.913249969482422,28.399999618530273,248.35000610351562
3.793750047683716,28.399999618530273,248.89999389648438
3.876499891281128,28.690000534057617,249.92999267578125
3.805000066757202,28.489999771118164,249.50999450683594
3.683000087738037,27.760000228881836,248.52999877929688
3.6287500858306885,28.18000030517578,247.3000030517578
3.583250045776367,27.899999618530273,246.30999755859375
3.508500099182129,27.75,240.69000244140625
3.477750062942505,27.15999984741211,241.5399932861328
3.3864998817443848,26.600000381469727,239.5800018310547
3.3445000648498535,26.68000030517578,241.07000732421875
3.575000047683716,27.920000076293945,245.61000061035156
3.5320000648498535,27.90999984741211,247.9600067138672
3.5945000648498535,27.87999916,251.2100067138672
3.637500047683716,27.530000686645508,256.0100098
3.710750102996826,28.06999969482422,256.8500061035156
3.768749952316284,28.239999771118164,257.1099853515625
3.6549999713897705,27.950000762939453,257.2300109863281
3.7065000534057617,27.940000534057617,259.7099914550781
3.615999937057495,28.040000915527344,260.1499938964844
3.6257500648498535,27.93000030517578,261.42999267578125
3.822000026702881,28.62000084,262.7399902
3.828000068664551,28.31999969482422,263.6600036621094
3.8524999618530273,28.270000457763672,267.3500061035156
3.7939999103546143,28.12000084,266.1300048828125
3.816499948501587,27.979999542236328,266.7699890136719
3.7869999408721924,27.760000228881836,266.3599853515625
3.9814999103546143,27.90999984741211,264.4100036621094
4.080749988555908,28.209999084472656,265.5799865722656
4.105750084,29,264.2600098
4.154250144958496,29.420000076293945,263.54998779296875
4.055749893188477,29.149999618530273,265.4700012207031
4.068749904632568,29.049999237060547,269.1400146484375
4.0057501792907715,29.260000228881836,268.25
3.9302499294281006,29.200000762939453,269.3999938964844
3.9327499866485596,29.350000381469727,269.9700012207031
4.001500129699707,29.020000457763672,271.4200134277344
4.1570000648498535,29.360000610351562,276.5400085449219
4.190249919891357,29.450000762939453,279.44000244140625
4.1817498207092285,29.219999313354492,280.5799865722656
4.177000045776367,28.989999771118164,280.6499938964844
4.242750168,29.190000534057617,281.55999755859375
4.254499912261963,29.479999542236328,282.9100036621094
4.210999965667725,29.399999618530273,281.5100098
4.2829999923706055,29.56999969482422,280.1700134277344
4.391499996185303,30.25,280.1000061035156
4.4664998054504395,30.670000076293945,280.8299865722656
4.334499835968018,30.34000015258789,279.79998779296875
4.3767499923706055,30.770000457763672,281.3699951171875
4.370500087738037,30.520000457763672,280.1300048828125
4.386250019073486,30.889999389648438,279.5
4.2179999351501465,30.68000030517578,275.6300048828125
4.123000144958496,29.489999771118164,274.57000732421875
4.029749870300293,29.37999916,272.5
3.7697501182556152,28.079999923706055,265.1000061035156
3.8087499141693115,28.420000076293945,269.30999755859375
3.847249984741211,27.889999389648438,274.29998779296875
3.9565000534057617,28.37999916,274.79998779296875
3.8545000553131104,28.329999923706055,273.94000244140625
3.786250114440918,27.639999389648438,271.30999755859375
3.901249885559082,27.719999313354492,276.2600098
3.7517499923706055,26.420000076293945,268.1499938964844
3.719249963760376,26.25,271.5199890136719
3.989000082015991,27.030000686645508,274.1000061035156
4.269499778747559,27.270000457763672,275.6099853515625
4.196750164031982,26.719999313354492,272.9700012207031
4.280749797821045,26.93000030517578,275.67999267578125
4.2870001792907715,27.190000534057617,279.9200134277344
4.060999870300293,26.469999313354492,274.0100098
4.136250019073486,26.780000686645508,278.4599914550781
4.045000076293945,26.469999313354492,292.3800048828125
4.0304999351501465,26.850000381469727,294.4899902
4.175000190734863,27.329999923706055,296.57000732421875
4.187749862670898,27.510000228881836,294.7600098
4.104249954223633,27.049999237060547,292.04998779296875
4.218999862670898,27.489999771118164,296.1199951171875
4.493500232696533,28.12000084,296.9700012207031
4.466249942779541,27.729999542236328,303.7600098
4.512499809265137,28.62999916,299
4.579500198364258,29.350000381469727,297
4.608250141143799,29.459999084472656,290.69000244140625
4.606750011444092,29.670000076293945,289.8900146484375
4.548500061035156,30.170000076293945,291.8999938964844
4.505249977111816,30.12999916,288.69000244140625
4.526750087738037,29.940000534057617,291.4100036621094
4.499499797821045,30,292.42999267578125
4.423500061035156,29.81999969482422,287.8299865722656
4.317249774932861,29.59000015258789,286.3599853515625
4.370999813079834,29.520000457763672,287.57000732421875
4.3132500648498535,28.940000534057617,287.9100036621094
4.455749988555908,29.25,288.5100098
4.433499813079834,29.12999916,288.2600098
4.294000148773193,29.350000381469727,285.95001220703125
4.351749897003174,29.170000076293945,288.1099853515625
4.349999904632568,28.440000534057617,283.92999267578125
4.326000213623047,27.84000015258789,285.1099853515625
4.532750129699707,27.809999465942383,289
4.549250126,28.37000084,291.6700134277344
4.608250141143799,28.309999465942383,293.4100036621094
4.430749893188477,27.62999916,291.8900146484375
4.517749786376953,27.889999389648438,296.8999938964844
4.575749874,28.450000762939453,297.1400146484375
4.649750232696533,28.90999984741211,297.6000061035156
4.663249969482422,29.139999389648438,297.5199890136719
4.909249782562256,29.729999542236328,298.3900146484375
4.855249881744385,30.170000076293945,298.7799987792969
4.857250213623047,30.260000228881836,302.3999938964844
4.762249946594238,30.350000381469727,302.8599853515625
4.900249958,31.020000457763672,301.0799865722656
4.890250205993652,31.200000762939453,299.9700012207031
4.8772501945495605,31.420000076293945,297.32000732421875
4.921500205993652,31.360000610351562,297.04998779296875
5.113500118255615,31.719999313354492,296.5
5.169750213623047,31.84000015258789,298.94000244140625
5.072999954223633,32.06999969482422,295.8599853515625
5.074999809265137,31.62000084,299.8399963378906
5.0254998207092285,31.270000457763672,297.1099853515625
5.0647501945495605,31.799999237060547,296.0899963378906
5.262499809265137,32.400001525878906,296.82000732421875
5.240250110626221,32.81999969482422,299.17999267578125
5.1907501220703125,32.790000915527344,301.57000732421875
5.208499908447266,33.22999954223633,305.2099914550781
5.194499969482422,33.25999832,302.6199951171875
5.204500198364258,33.18000030517578,300.8399963378906
5.240250110626221,33.09000015258789,300.5
5.214250087738037,32.790000915527344,302.8999938964844
5.244750022888184,32.70000076293945,304.5899963378906
5.104750156402588,32.93000030517578,303.6600036621094
5.307000160217285,32.959999084472656,304.5400085449219
5.199749946594238,32.939998626708984,302.2399902
5.2795000076293945,32.689998626708984,300.57000732421875
5.254499912261963,32.84000015258789,300.2699890136719
5.272250175476074,33.18000030517578,299.30999755859375
5.530250072479248,33.470001220703125,299.04998779296875
5.425000190734863,33.349998474121094,301.2399902
5.455999851226807,33.41999816894531,300.7600098
5.418499946594238,33.31999969482422,299.80999755859375
5.231249809265137,33.43000030517578,297.3900146484375
5.191500186920166,32.84000015258789,295.6700134277344
5.235499858856201,33.150001525878906,296.5199890136719
5.218500137329102,33.09000015258789,293.1000061035156
5.3042497634887695,33.66999816894531,294.95001220703125
5.3042497634887695,33.50999832,295.1600036621094
5.3495001792907715,33.529998779296875,295.7799987792969
5.433499813079834,33.63999938964844,295.29998779296875
5.601749897003174,34.68000030517578,297.3399963378906
5.599750042,34.439998626708984,291.8699951171875
5.628749847412109,34.70000076293945,293.5
5.707250118255615,35.040000915527344,295.54998779296875
5.737750053405762,35.11000061035156,291.8699951171875
5.886499881744385,34.95000076293945,293.7099914550781
5.984250068664551,34.959999084472656,294.8299865722656
5.9704999923706055,35.16999816894531,293.30999755859375
5.9654998779296875,35.220001220703125,294.2300109863281
5.979750156402588,35.52000045776367,295.7300109863281
5.921750068664551,35.349998474121094,294.1099853515625
5.808000087738037,35.150001525878906,295.1400146484375
5.882500171661377,35.220001220703125,293.9200134277344
5.9977498054504395,35.63999938964844,291.4899902
5.901750087738037,34.900001525878906,291.7300109863281
5.926499843597412,34.849998474121094,291.80999755859375
5.9982500076293945,34.619998931884766,291.3500061035156
6.009500026702881,34.970001220703125,294.69000244140625
6.075500011444092,35.029998779296875,299.4200134277344
6.107999801635742,34.74000168,297.2399902
6.299499988555908,35.060001373291016,299.8699951171875
6.182000160217285,35.31999969482422,299.75
6.139249801635742,34.66999816894531,300.82000732421875
6.223249912261963,34.720001220703125,303.0299987792969
6.231999874,34.709999084472656,304.67999267578125
6.198500156402588,34.25999832,313.2600098
6.252749919891357,34.36000061035156,311.8900146484375
6.321499824523926,34.119998931884766,312.8800048828125
6.262000084,33.540000915527344,310.5100098
6.005000114440918,32.849998474121094,309.45001220703125
6.199250221252441,33.24000168,310.8500061035156
6.138500213623047,33.00999832,309.5799865722656
6.145249843597412,33.47999954223633,309.4700012207031
5.910749912261963,32.83000183105469,305.5199890136719
6.0082502365112305,32.970001220703125,302
6.178249835968018,33.619998931884766,304.8999938964844
6.269000053405762,34.709999084472656,308.95001220703125
6.356249809265137,34.66999816894531,310.6099853515625
6.289750099182129,34.61000061035156,313.6300048828125
6.574250221252441,34.689998626708984,313.7900085449219
6.697249889373779,34.77000045776367,310.67999267578125
6.813499927520752,34.91999816894531,315.1199951171875
6.769499778747559,34.90999984741211,318.20001220703125
7.244750022888184,34.849998474121094,318.30999755859375
7.414249897003174,34.27000045776367,322.04998779296875
7.867499828338623,34.720001220703125,323.0199890136719
7.71750021,34.849998474121094,324.0799865722656
7.351749897003174,34.36000061035156,321.95001220703125
6.831999778747559,32.72999954223633,313.6199951171875
6.551249980926514,31.079999923706055,304.8699951171875
6.691249847412109,30.62999916,305.69000244140625
6.315000057220459,29.12999916,293.1300048828125
6.7517499923706055,28.5,281.1400146484375
6.910749912261963,29.37000084,309.1400146484375
6.647250175476074,27.75,302.7300109863281
7.112750053405762,28.389999389648438,320.7399902
6.832250118255615,26.780000686645508,315.7600098
6.651000022888184,25.709999084472656,311.3399963378906
6.136000156402588,21.93000030517578,301.9800109863281
6.5269999504089355,23.610000610351562,309.3999938964844
6.161749839782715,22.670000076293945,297.42999267578125
5.407750129699707,20.510000228881836,279.8500061035156
6.020999908447266,24.15999984741211,302.2699890136719
4.909999847412109,20.440000534057617,283.17999267578125
5.4317498207092285,21.979999542236328,306.9899902
5.070499897003174,20.790000915527344,307.5
5.324250221252441,21.200000762939453,305.2200012207031
5.143750190734863,19.670000076293945,290.4200134277344
5.317249774932861,18.079999923706055,285.5299987792969
6.229499816894531,21.030000686645508,284.94000244140625
6.140500068664551,21.100000381469727,280.8599853515625
6.431000232696533,22.719999313354492,292.29998779296875
6.3182501792907715,21.600000381469727,284.3299865722656
6.639750003814697,22.040000915527344,291.1199951171875
6.590000152587891,21.229999542236328,285.1300048828125
6.076749801635742,19.770000457763672,286.7799987792969
6.386750221252441,20.56999969482422,291.4800109863281
6.097750186920166,20.030000686645508,288.6499938964844
6.710000038146973,21.389999389648438,305.1199951171875
6.475749969482422,22.139999389648438,303.6300048828125
6.673749923706055,23.450000762939453,305.9700012207031
6.573750019073486,24.860000610351562,300.0100098
6.746250152587891,23.920000076293945,299.6199951171875
7.098750114440918,23.729999542236328,314.1400146484375
7.020999908447266,22.190000534057617,310.2699890136719
7.367499828338623,21.420000076293945,321.55999755859375
7.308000087738037,23.280000686645508,317.9200134277344
7.176249980926514,22.5,312.0799865722656
6.737750053405762,21.639999389648438,301.3299865722656
7.153749942779541,21.799999237060547,309.4200134277344
7.100249767303467,21.87000084,305.3999938964844
7.239749908447266,22.18000030517578,310.54998779296875
7.427000045776367,23.469999313354492,308.7799987792969
7.283999919891357,23.889999389648438,304.95001220703125
7.461500168,24.780000686645508,307.0899963378906
7.307000160217285,24.049999237060547,303
7.069499969482422,23.079999923706055,301.9200134277344
7.282249927520752,22.93000030517578,304.4899902
7.343500137329102,22.65999984741211,307.9200134277344
7.444749832,22.350000381469727,308.8900146484375
7.6217498779296875,22.84000015258789,305
7.8125,23.56999969482422,305.94000244140625
8.065500259399414,22.579999923706055,310.3299865722656
7.802499771118164,21.87000084,304.8399963378906
7.78000021,20.87000084,302.1400146484375
8.030500411987305,21.709999084472656,299.7399902
8.490750312805176,21.440000534057617,299.2099914550781
8.750249862670898,22.93000030517578,302.7600098
8.805500030517578,22.209999084472656,304.6300048828125
8.970000267028809,22.90999984741211,304.9100036621094
8.775250434875488,22.899999618530273,301.9700012207031
9.026249885559082,22.65999984741211,302.42999267578125
8.717749596,24.280000686645508,304.79998779296875
8.525250434875488,25.979999542236328,306.0100098
8.487000465393066,24.860000610351562,309.55999755859375
8.875499725341797,24.12000084,308.4700012207031
8.806249618530273,24.610000610351562,308.2900085449219
8.825249671936035,24.84000015258789,307.0899963378906
8.769499778747559,25.989999771118164,306.6400146484375
8.766500473022461,26.780000686645508,310.75
8.920000076293945,28.110000610351562,312.0400085449219
8.805000305175781,28.540000915527344,307.19000244140625
9.045999526977539,28.219999313354492,305.54998779296875
9.366749763,26.600000381469727,307.3299865722656
8.796250343322754,23.93000030517578,300.8299865722656
8.932499885559082,24.780000686645508,298.70001220703125
9.173749923706055,25.149999618530273,297.17999267578125
9.068499565124512,25.799999237060547,301.3599853515625
9.236000061035156,25,299.6099853515625
9.218000411987305,25.040000915527344,299.57000732421875
9.261249542236328,25.25,299.8999938964844
9.526749610900879,24.62000084,300.45001220703125
9.449999809265137,24.790000915527344,301.2900085449219
9.235500336,23.809999465942383,298.0199890136719
9.489999771118164,24.719999313354492,300.5299987792969
9.154999732971191,23.149999618530273,296.55999755859375
9.199999809265137,23.389999389648438,301.5899963378906
9.497750282287598,23.75,303.2099914550781
9.529999732971191,23.260000228881836,304.75
9.612250328063965,23.290000915527344,305.7399902
9.839249610900879,23.65999984741211,311.4899902
9.871749877929688,23.010000228881836,316.2300109863281
10.215999603271484,23.100000381469727,316.32000732421875
10.508999824523926,22.770000457763672,325.5400085449219
10.479249954223633,24.020000457763672,326.2300109863281
10.052249908447266,24.190000534057617,322.9200134277344
10.376999855041504,24.139999389648438,328
10.227250099182129,24.600000381469727,326.70001220703125
10.134750366210938,23.93000030517578,326.2699890136719
10.201499938964844,23.219999313354492,324.7900085449219
10.510749816894531,23.579999923706055,326.5100098
10.328499794006348,24.420000076293945,327.7399902
10.438750267028809,24.309999465942383,328.29998779296875
10.12975025177002,24.540000915527344,326.1099853515625
10.194499969482422,24.350000381469727,325.7799987792969
10.421500205993652,24.139999389648438,327.6000061035156
10.215499877929688,24.360000610351562,327.57000732421875
10.465499877929688,25.270000457763672,326.1400146484375
10.61400032043457,24.84000015258789,324.82000732421875
10.614749908447266,24.87999916,325.5299987792969
11.010250091552734,24.989999771118164,329.32000732421875
11.227749824523926,25.010000228881836,339.7900085449219
11.286749839782715,25.389999389648438,339.9700012207031
11.33549976348877,25.469999313354492,343.30999755859375
11.19950008392334,26.110000610351562,340.9100036621094
11.164999961853027,26.559999465942383,340
10.850000381469727,26.920000076293945,332.42999267578125
11.440250396728516,26.729999542236328,336.7600098
11.442999839782715,26.350000381469727,335.70001220703125
11.564000129699707,26.469999313354492,336.2799987792969
12.336999893188477,25.899999618530273,339.9599914550781
12.260749816894531,25.530000686645508,340.75
12.138500213623047,25.5,340.8999938964844
12.140999794006348,25.100000381469727,340.8699951171875
12.683500289916992,24.979999542236328,344.6099853515625
12.720250129699707,25.690000534057617,344.1300048828125
12.75,26,344.7099914550781
12.77299976348877,25.559999465942383,344.2699890136719
12.628250122070312,26.049999237060547,346.3599853515625
13.147749900817871,26.299999237060547,348.3699951171875
13.374500274658203,25.739999771118164,347.6600036621094
13.821000099182129,25.709999084472656,351.3800048828125
14.346500396728516,26.020000457763672,358.8599853515625
13.01550006866455,25.65999984741211,348.29998779296875
12.62250042,26.540000915527344,346.57000732421875
11.913000106811523,25.479999542236328,338.8599853515625
12.71500015258789,25.510000228881836,346.42999267578125
12.311750411987305,25.139999389648438,339.5299987792969
12.16450023651123,25.5,339.1300048828125
12.872249603271484,25.75,342.9200134277344
12.991000175476074,25.280000686645508,343.9100036621094
12.51449966430664,25.600000381469727,343.7300109863281
12.463500022888184,25.350000381469727,338.8800048828125
12.189249992370605,25.209999084472656,335.9599914550781
12.517250061035156,24.469999313354492,339.57000732421875
12.637749671936035,23.940000534057617,344.45001220703125
12.123749732971191,23.260000228881836,344.6300048828125
12.347999572753906,23.34000015258789,347
12.873749732971191,23.489999771118164,342.5799865722656
13.03499984741211,24.09000015258789,349.6199951171875
13.225749969482422,23.770000457763672,352.1400146484375
13.530500411987305,24.09000015258789,355
13.614500045776367,24.100000381469727,358.4599914550781
13.062250137329102,24.209999084472656,355.0100098
13.642499923706055,24.62000084,358.5799865722656
13.736499786376953,24.37000084,358.3500061035156
13.96399974822998,24.87999916,363.0199890136719
13.838749885559082,25.239999771118164,365.0899963378906
13.762749671936035,25.360000610351562,369.4599914550781
14.22599983215332,25.68000030517578,376.4800109863281
14.248250007629395,24.950000762939453,380.67999267578125
14.095250129699707,23.62000084,378.3399963378906
13.970000267028809,24.149999618530273,376.5799865722656
13.81149959564209,24.239999771118164,381.5400085449219
13.497750282287598,23.719999313354492,375.55999755859375
13.645500183105469,24.139999389648438,378.30999755859375
13.524749755859375,24.049999237060547,377.82000732421875
13.361000061035156,24.87000084,375.75
13.590250015258789,24.899999618530273,374.6000061035156
13.141249656677246,24.540000915527344,370.7099914550781
13.396750450134277,23.850000381469727,372.7200012207031
12.626999855041504,23.469999313354492,364.9599914550781
13.02400016784668,23.540000915527344,364.8599853515625
12.534000396728516,23.700000762939453,357.6199951171875
12.580750465393066,24.079999923706055,364.3900146484375
13.019499778747559,24.690000534057617,371.9599914550781
13.794249534606934,23.68000030517578,376.1700134277344
14.15999984741211,24.610000610351562,385.2300109863281
14.562000274658203,24.309999465942383,385.6600036621094
13.630749702453613,27.760000228881836,365
12.770000457763672,27.65999984741211,366.6199951171875
13.418000221252441,27.34000015258789,372.9200134277344
13.45674991607666,26.690000534057617,375.7099914550781
13.29699993133545,27,378.8399963378906
13.515250205993652,27.579999923706055,379.7900085449219
13.422249794006348,27.549999237060547,381.9200134277344
13.428750038146973,26.979999542236328,382.2300109863281
13.440250396728516,26.979999542236328,383.5400085449219
13.087750434875488,26.809999465942383,381.1199951171875
13.140000343322754,27.389999389648438,381.7099914550781
12.95775032043457,28.979999542236328,384.2200012207031
13.234749794006348,29.030000686645508,387.75
13.261249542236328,28.989999771118164,388.3900146484375
13.40149974822998,28.15999984741211,391.7699890136719
13.390000343322754,28.690000534057617,387.55999755859375
13.544500350952148,29.059999465942383,383.5
13.395999908447266,28.90999984741211,374.04998779296875
13.558250427246094,29.290000915527344,373.42999267578125
13.606749534606934,29.09000015258789,373.3299865722656
13.350000381469727,28.93000030517578,377.6000061035156
12.930749893188477,28.799999237060547,374.2900085449219
12.972249984741211,29.110000610351562,372.7900085449219
13.013250350952148,28.56999969482422,375.1000061035156
13.30875015258789,28.219999313354492,374.3800048828125
13.36050033569336,28.639999389648438,371.8800048828125
13.242500305175781,28.719999313354492,369.44000244140625
13.34125042,28.829999923706055,370.2900085449219
13.272000312805176,28.670000076293945,367
13.332249641418457,29.739999771118164,364.9700012207031
13.278249740600586,29.209999084472656,362.0299987792969
13.009249687194824,30.049999237060547,361.8900146484375
12.993749618530273,29.959999084472656,364.5799865722656
12.899999618530273,30.12999916,371.05999755859375
12.943249702453613,30.010000228881836,372.7200012207031
13.145750045776367,29.979999542236328,374.45001220703125
13.055000305175781,30.309999465942383,376.7799987792969
13.113499641418457,30.030000686645508,380.1499938964844
13.404749870300293,30.260000228881836,375.7399902
12.614500045776367,32.150001525878906,370.0199890136719
13.343999862670898,32.86000061035156,367.9200134277344
13.276749610900879,32.529998779296875,369.94000244140625
13.621500015258789,33.06999969482422,364.0100098
13.484749794006348,33.65999984741211,364.20001220703125
13.531749725341797,33.459999084472656,366.95001220703125
13.200249671936035,33.99000168,362.3500061035156
12.85949993133545,33.00999832,362.1600036621094
13.025250434875488,32.77000045776367,354.4700012207031
13.365750312805176,32.34000015258789,361.29998779296875
13.867500305175781,31.770000457763672,362.79998779296875
13.712499618530273,31.549999237060547,362.29998779296875
13.653249740600586,31.15999984741211,361.8800048828125
13.435250282287598,30.940000534057617,364.9800109863281
12.917750358581543,29.829999923706055,356.3900146484375
13.050999641418457,30.31999969482422,357.05999755859375
12.989749908447266,29.649999618530273,352.42999267578125
13.237000465393066,29.959999084472656,350.5199890136719
13.556750297546387,31.030000686645508,355.5799865722656
13.530500411987305,31.579999923706055,355.2099914550781
13.664250373840332,32.5,355.8500061035156
13.590999603271484,32.369998931884766,355.1700134277344
14.438750267028809,33.09000015258789,359.8299865722656
14.263250350952148,32.95000076293945,359.55999755859375
14.764249801635742,32.97999954223633,356.1199951171875
15.250749588012695,32.880001068115234,352.20001220703125
14.961250305175781,33.369998931884766,352.75
15.330249786376953,34.27000045776367,354
14.906000137329102,34.40999984741211,358.0400085449219
14.829000473022461,34.189998626708984,356.9200134277344
14.92650032043457,34.540000915527344,354.7699890136719
14.35575008392334,35.150001525878906,350.2099914550781
14.142000198364258,35.52000045776367,342.1499938964844
14.49899959564209,36.380001068115234,340.70001220703125
13.307499885559082,35.93000030517578,333.8999938964844
13.714500427246094,34.709999084472656,331
13.841750144958496,35.790000915527344,331.7699890136719
13.40625,35.529998779296875,328.4599914550781
12.804750442504883,36.41999816894531,323.9200134277344
12.37024974822998,36.5,319.0400085449219
12.46150016784668,36.93000030517578,317.32000732421875
11.593250274658203,37.130001068115234,311.4200134277344
12.52025032043457,36.31999969482422,318.7799987792969
12.468250274658203,37.369998931884766,323.8299865722656
12.993499755859375,37.24000168,328.6499938964844
12.855999946594238,37.939998626708984,331.1400146484375
13.19124984741211,37.75,330.5100098
13.291250228881836,37.63999938964844,327.25
13.34125042,37.95000076293945,329.19000244140625
12.72249984741211,38.939998626708984,322.9800109863281
12.845749855041504,38.529998779296875,328.9100036621094
13.186249732971191,37.65999984741211,334.4899902
13.07075023651123,36.900001525878906,340.3399963378906
12.642999649047852,36.900001525878906,338.0400085449219
12.535249710083008,37.65999984741211,346.3399963378906
12.839249610900879,38.68000030517578,352.0199890136719
12.948249816894531,38.310001373291016,356.1499938964844
12.871749877929688,38.99000168,349.75
13.348250389099121,38.689998626708984,352.4800109863281
13.811750411987305,39.49000168,354.94000244140625
13.987500190734863,39.79999923706055,360.82000732421875
13.861499786376953,39.689998626708984,360.1199951171875
14.143500328063965,40.04999923706055,358.80999755859375
14.317000389099121,39.70000076293945,361.2200012207031
14.399999618530273,39.99000168,363.2099914550781
15.208999633789062,40.060001373291016,364.80999755859375
15.679499626159668,39.31999969482422,365.2099914550781
15.277000427246094,39.880001068115234,363.1700134277344
16.137250900268555,38.74000168,368.79998779296875
15.912500381469727,39.150001525878906,370.7200012207031
15.361749649047852,39.16999816894531,369.54998779296875
15.171250343322754,38.08000183105469,371.7300109863281
15.36050033569336,38.720001220703125,374.0899963378906
14.850250244140625,38.36000061035156,371.2600098
15.265250205993652,39.18000030517578,373.2799987792969
15.477999687194824,39.40999984741211,368.5199890136719
15.381750106811523,39.880001068115234,370.2099914550781
15.276749610900879,40.029998779296875,369.5899963378906
15.324749946594238,41.11000061035156,373.5400085449219
15.009499549865723,40.529998779296875,372.0899963378906
14.836750030517578,40.560001373291016,379.32000732421875
14.351249694824219,41,375.2900085449219
14.458499908447266,41.38999938964844,372.5
14.52299976348877,42.00999832,382.7600098
14.812250137329102,42.18000030517578,384.32000732421875
14.26574993133545,42.04999923706055,381.4800109863281
14.306249618530273,41.56999969482422,378.17999267578125
13.758500099182129,41.18000030517578,372.20001220703125
13.665249824523926,41.84000015258789,379.5299987792969
14.243000030517578,42.36000061035156,384.4200134277344
14.165499687194824,42.74000168,383.9599914550781
14.01574993133545,42.15999984741211,382.80999755859375
14.065750122070312,41.970001220703125,379.6600036621094
14.612500190734863,41.869998931884766,383.5799865722656
14.99174976348877,42.400001525878906,380.7200012207031
15.612000465393066,42.630001068115234,383.45001220703125
15.647749900817871,42.00999832,385.3800048828125
15.699999809265137,42.040000915527344,385.6199951171875
15.48799991607666,42.54999923706055,387.5
16.24449920654297,42.38999938964844,378.2699890136719
16.26449966430664,42.91999816894531,378.2300109863281
16.778249740600586,42.939998626708984,380.5899963378906
16.969749450683594,43.25,383.8699951171875
17.578250885009766,43.27000045776367,387.5199890136719
17.618999481201172,43.119998931884766,380.3999938964844
17.457000732421875,42.880001068115234,379.70001220703125
17.35824966430664,42.31999969482422,379.9599914550781
17.424999237060547,41.689998626708984,383.0100098
17.82525062561035,41.86000061035156,381.8299865722656
18.018749237060547,41.36000061035156,383.7600098
17.78849983215332,41.38999938964844,383.9100036621094
17.81024932861328,41.619998931884766,379.4100036621094
18.657249450683594,39.79999923706055,384.75
18.638750076293945,38.779998779296875,380.8800048828125
18.427249908447266,39.75,386.79998779296875
18.886749267578125,39.970001220703125,392.17999267578125
19.057249069213867,40.20000076293945,391.9700012207031
19.20549964904785,40.83000183105469,392.07000732421875
19.03100014,41.619998931884766,394.5100098
19.985000610351562,41.560001373291016,396.5400085449219
20.026750564575195,40.88999938964844,398.7900085449219
20.002500534057617,41.22999954223633,395.6700134277344
20.211999893188477,41.540000915527344,394.5299987792969
20.48699951171875,41.150001525878906,398.94000244140625
20.69849967956543,40.06999969482422,398.8599853515625
20.371749877929688,39.75,404.67999267578125
19.90275001525879,38.779998779296875,407.1499938964844
20.050249099731445,40.040000915527344,412.3699951171875
20.512500762939453,40.630001068115234,407.8800048828125
20.25,39.86000061035156,407.05999755859375
19.84149932861328,38.86000061035156,409.95001220703125
18.966249465942383,38.83000183105469,411.82000732421875
18.160999298095703,37.91999816894531,410.3699951171875
18.77975082397461,36.93000030517578,414.1499938964844
18.61199951171875,37.689998626708984,416.2399902
19.40999984741211,38.459999084472656,415.0100098
19.59399986,37.959999084472656,417.5400085449219
19.558000564575195,37.70000076293945,423.42999267578125
19.29400062561035,38.130001068115234,423.2300109863281
19.20800018310547,37.97999954223633,424.3399963378906
19.503000259399414,38.130001068115234,422.2200012207031
19.66200065612793,38.68000030517578,425.2799987792969
19.499000549316406,38.36000061035156,429.7200012207031
19.75,37.959999084472656,428.9200134277344
19.815000534057617,38.54999923706055,435.07000732421875
20.27400016784668,38.27000045776367,435.0400085449219
20.636999130249023,39.02000045776367,443.19000244140625
20.365999221801758,40.150001525878906,439.6300048828125
20.295000076293945,40.66999816894531,440.4700012207031
19.93600082397461,41.43000030517578,443.0299987792969
19.698999404907227,41.95000076293945,444.29998779296875
19.905000686645508,42.150001525878906,445.3599853515625
20.187999725341797,41.630001068115234,447.82000732421875
19.950000762939453,41.290000915527344,452.8599853515625
19.45800018310547,41.09000015258789,452.3399963378906
19.040000915527344,40.790000915527344,446.2099914550781
19.79800033569336,40.189998626708984,454.2600098
20.81599998474121,40.369998931884766,458.9899902
21.95800018310547,40.90999984741211,454.92999267578125
21.792999267578125,41.47999954223633,451.7900085449219
22.21299934387207,42.150001525878906,451.2300109863281
22.06800079345703,42.040000915527344,449.30999755859375
22.63599967956543,42.49000168,450.3399963378906
22.687999725341797,41.65999984741211,455.92999267578125
22.385000228881836,41.75,455.4899902
22.44099998474121,41.189998626708984,456.5199890136719
22.395999908447266,41.02000045776367,460.9700012207031
22.843000411987305,41.04999923706055,462.54998779296875
22.66200065612793,41.31999969482422,459.6000061035156
22.339000701904297,40.779998779296875,465.70001220703125
22.177000045776367,40.93000030517578,465.94000244140625
22.47800064086914,40.27000045776367,465.1600036621094
22.152000427246094,40.939998626708984,459.6600036621094
22.242000579833984,39.84000015258789,458.4100036621094
22.340999603271484,40.13999938964844,460.7300109863281
22.242000579833984,40.45000076293945,463.30999755859375
21.899999618530273,40.5,459.5100098
21.113000869750977,39.11000061035156,451.1400146484375
21.246000289916992,39.130001068115234,452.1099853515625
21.94099998474121,40.13999938964844,452.3299865722656
22.48200035095215,41.689998626708984,452.7799987792969
22.08099937438965,42.13999938964844,467.75
21.65999984741211,43.25999832,460.55999755859375
20.698999404907227,43.15999984741211,447.3500061035156
20.517000198364258,43.06999969482422,451.7900085449219
20.715999603271484,42.45000076293945,449.3500061035156
20.742000579833984,43.08000183105469,448.3299865722656
19.73200035095215,43.34000015258789,440.1400146484375
20.451000213623047,44.220001220703125,446.2399902
20.700000762939453,44.24000168,449.3399963378906
21.075000762939453,44.119998931884766,452.8699951171875
20.83099937438965,44.34000015258789,451.8500061035156
20.69499969482422,43.779998779296875,449.70001220703125
20.67099952697754,43.540000915527344,446.8699951171875
20.93899917602539,43.13999938964844,445.29998779296875
21.746000289916992,45.06999969482422,450.6600036621094
21.86199951171875,46.369998931884766,452.3900146484375
22.222000122070312,46.279998779296875,461.95001220703125
22.290000915527344,46.47999954223633,467.0799865722656
22.10300064086914,47.09000015258789,469.7699890136719
22.691999435424805,46.83000183105469,477.2300109863281
22.72599983215332,47.56999969482422,481.9899902
23.166000366210938,47.50999832,490.1000061035156
24.716999053955078,47.959999084472656,485.5299987792969
24.451000213623047,47.040000915527344,489.1099853515625
24.94099998474121,47.779998779296875,490.5299987792969
25.566999435424805,47.779998779296875,491.5400085449219
25.82699966430664,47.849998474121094,491.8699951171875
26.400999069213867,47.880001068115234,496.9899902
26.597999572753906,48.369998931884766,502.3299865722656
29.801000595092773,47.33000183105469,515.6199951171875
29.75200080871582,46.970001220703125,513.1199951171875
30.804000854492188,47.34000015258789,503.80999755859375
30.656999588012695,46.880001068115234,508.7099914550781
29.458999633789062,47.22999954223633,505.5100098
30.389999389648438,47.49000168,512.1799926757812
30.389999389648438,46.90999984741211,517.1699829101562
30.024999618530273,47.04999923706055,519.8900146484375
30.202999114990234,47.08000183105469,526.7199707
29.26099967956543,46.50999832,526.2899780273438
31.674999237060547,46.31999969482422,529.3699951171875
32.98500061035156,45.400001525878906,533.7899780273438
31.95599937438965,46.279998779296875,539.6500244140625
31.746000289916992,47.5,545.2600098
32.67399978637695,47.630001068115234,549.7299805
31.503000259399414,45.75999832,546.1300048828125
33.375999450683594,45.59000015258789,554.8800048828125
32.67599868774414,44.470001220703125,539.3800048828125
31.434999465942383,43.84000015258789,529.8400268554688
32.125999450683594,44.88999938964844,525.5100098
30.69300079345703,43.869998931884766,528.9299926757812
30.03700065612793,44.150001525878906,533.2000122070312
32.426998138427734,44.709999084472656,542.0200195
31.826000213623047,44.15999984741211,530.1099853515625
30.489999771118164,44.49000168,524.3300170898438
30.197999954223633,44.52000045776367,558.8200073242188
28.160999298095703,43.58000183105469,557.2199707
28.336999893188477,44.130001068115234,545.3400268554688
30.458999633789062,43.939998626708984,565.4799805
28.386999130249023,45,552.6300048828125
27.801000595092773,43.880001068115234,547.6099853515625
27.71899986,43.15999984741211,548.5599975585938
29.075000762939453,44.189998626708984,545.4299926757812
29.399999618530273,44.279998779296875,549.6699829101562
29.639999389648438,44.41999816894531,550.3699951171875
30.94499969482422,44.63999938964844,563.4699707
30.32200050354004,44.70000076293945,564.6400146484375
30.000999450683594,44.630001068115234,567.7700195
29.586000442504883,44.529998779296875,563.9099731445312
29.410999298095703,44.49000168,567.7000122070312
30.121000289916992,46.18000030517578,566.7100219726562
29.290000915527344,47.99000168,564.2299805
27.604000091552734,47.18000030517578,549.9199829101562
28.17799949645996,48.130001068115234,549.7999877929688
27.246999740600586,49.18000030517578,536.1799926757812
27.399999618530273,48.93000030517578,518.7999877929688
27.816999435424805,49.209999084472656,522.0300293
27.999000549316406,48.86000061035156,525.7999877929688
26.575000762939453,48.75999832,516.8800048828125
26.941999435424805,47.90999984741211,502.9899902
25.902999877929688,46.25999832,488.07000732421875
25.066999435424805,46.439998626708984,490.1600036621094
24.149999618530273,45.75,482.82000732421875
23.374000549316406,44.91999816894531,481.6099853515625
23.371999740600586,44.54999923706055,488.8999938964844
22.323999404907227,45.43000030517578,477.32000732421875
22.77199935913086,45.900001525878906,483.4700012207031
21.944000244140625,45.470001220703125,482.5199890136719
22.84000015258789,45.869998931884766,492.42999267578125
24.486000061035156,46.13999938964844,505.1300048828125
24.63800048828125,46.939998626708984,508.4100036621094
25.242000579833984,46.88999938964844,522.0200195
23.947999954223633,46.43000030517578,521.7700195
24.319000244140625,48.279998779296875,519.7700195
24.72800064086914,48.50999832,515.8900146484375
25.107999801635742,49.380001068115234,521.1500244140625
26.704999923706055,49.279998779296875,528.8300170898438
25.823999404907227,49.04999923706055,518.4799805
23.948999404907227,47.91999816894531,509.6700134277344
24.267000198364258,47.41999816894531,506.55999755859375
26.49500084,47.790000915527344,513.9199829101562
26.51099967956543,47.68000030517578,512.4000244140625
24.506999969482422,46.06999969482422,515.0100098
23.642000198364258,45.959999084472656,512.6699829101562
23.389999389648438,45.560001373291016,502.17999267578125
22.386999130249023,44.779998779296875,495.2600098
23.74799919128418,43.599998474121094,505.5799865722656
24.156999588012695,45.02000045776367,517.4899902
24.385000228881836,44.20000076293945,519.25
23.476999282836914,42.470001220703125,522.9299926757812
24.219999313354492,43.15999984741211,528
23.714000701904297,42.49000168,533.0499877929688
22.93600082397461,40.95000076293945,525.5
21.351999282836914,38.34000015258789,528.5200195
21.513999938964844,38.59000015258789,523.3599853515625
23.013999938964844,41.040000915527344,527.6500244140625
22.658000946044922,40.66999816894531,532.7199707
22.100000381469727,40.33000183105469,527.4199829101562
21.329999923706055,41.20000076293945,525.9500122070312
22.972999572753906,41.5,542.3200073242188
24.496000289916992,42.79999923706055,543.3900146484375
24.766000747680664,43.029998779296875,552.7899780273438
26.452999114990234,42.900001525878906,561.3499755859375
26.733999252319336,42.84000015258789,555.5300293
26.52400016784668,44.18000030517578,559.4199829101562
25.634000778198242,43.09000015258789,554.0200195
28.149999618530273,43.06999969482422,558.1099853515625
27.691999435424805,43.72999954223633,555.7100219726562
28.21899986,43.54999923706055,565.2100219726562
28.65600014,43.439998626708984,569.9799805
27.690000534057617,43,576.4699707
27.285999298095703,41.220001220703125,575.8499755859375
26.711999893188477,40.900001525878906,575.5700073242188
27.360000610351562,40.83000183105469,575.1300048828125
25.930999755859375,40.13999938964844,575.3200073242188
24.406999588012695,39.70000076293945,584.7899780273438
24.20800018310547,39.38999938964844,608.0499877929688
23.118999481201172,39.66999816894531,600.0399780273438
21.91699981689453,39.59000015258789,584.6699829101562
21.503999710083008,39.16999816894531,581.3599853515625
22.202999114990234,38.81999969482422,591.0900268554688
21.257999420166016,37.56999969482422,590.3900146484375
21.783000946044922,38.849998474121094,582.1199951171875
22.197999954223633,39.56999969482422,594.2999877929688
21.48200035095215,39.65999984741211,603.5300293
20.183000564575195,38.90999984741211,591.7399902
19.514999389648438,37.560001373291016,571.7000122070312
19.902000427246094,37.290000915527344,568.2100219726562
18.788000106811523,36.45000076293945,553.7600098
18.415000915527344,36.25,554.0800170898438
19.781999588012695,36.810001373291016,562
18.547000885009766,35.68000030517578,531.7199707
19.533000946044922,36.13999938964844,528.9500122070312
19.601999282836914,37.130001068115234,528.0800170898438
20.333999633789062,38.619998931884766,544.4299926757812
18.84399986,37.540000915527344,517.3200073242188
18.674999237060547,37.45000076293945,503.3599853515625
16.950000762939453,36.369998931884766,498.8299865722656
17.594999313354492,35.75999832,501.4599914550781
16.62999916,35.56999969482422,489.0799865722656
16.174999237060547,35.06999969482422,486.17999267578125
17.70599937438965,35.16999816894531,497.2699890136719
17.263999938964844,34.810001373291016,494.5299987792969
18.177000045776367,35.99000168,490.4700012207031
16.937999725341797,34.880001068115234,429.3999938964844
17.124000549316406,34.45000076293945,422.92999267578125
16.694000244140625,33.86000061035156,416.42999267578125
16.898000717163086,35.869998931884766,429.4800109863281
16.15399932861328,35.650001525878906,437.7099914550781
16.975000381469727,35.84000015258789,440.1099853515625
17.85099983215332,36.66999816894531,464.9899902
18.81100082397461,37.02000045776367,470.7600098
18.672000885009766,37.20000076293945,466.2200012207031
18.31999969482422,36.66999816894531,456.9899902
19.591999053955078,36.70000076293945,487.6099853515625
18.719999313354492,36.189998626708984,476.25
18.785999298095703,36.150001525878906,472.4700012207031
18.926000595092773,36.349998474121094,471.7799987792969
18.648000717163086,35.88999938964844,467.9899902
18.04800033569336,34.50999832,472.04998779296875
16.974000930786133,33.16999816894531,463.30999755859375
15.647000312805176,32.02000045776367,452.25
15.836000442504883,31.459999084472656,454.79998779296875
16.527000427246094,32.04999923706055,458.7900085449219
15.60099983215332,31.850000381469727,451.7600098
15.880000114440918,31.920000076293945,446.69000244140625
16.56599998474121,32.849998474121094,463.1099853515625
16.360000610351562,32.599998474121094,459.9599914550781
16.225000381469727,32.08000183105469,475
17.125999450683594,32.310001373291016,484.3699951171875
16.868999481201172,32.349998474121094,481.75
15.982000350952148,32.25999832,468.6099853515625
15.541999816894531,31.860000610351562,469.8399963378906
15.159000396728516,31.12999916,479.2799987792969
14.52299976348877,31.559999465942383,485.7600098
14.96399974822998,31.239999771118164,488.2600098
15.130000114440918,30.979999542236328,492.6499938964844
15.857999801635742,31.860000610351562,494.95001220703125
15.838000297546387,31.790000915527344,501.5400085449219
15.152000427246094,31.459999084472656,498.8999938964844
15.081999778747559,31.360000610351562,490.57000732421875
15.163999557495117,30.84000015258789,492.2200012207031
15.371999740600586,30.12999916,511.94000244140625
15.76200008392334,32.25,522.9500122070312
16.10099983215332,32.25999832,516.2999877929688
16.992000579833984,33.349998474121094,520.2299805
17.80699920654297,33.36000061035156,524.2000122070312
18.049999237060547,33.650001525878906,529.4600219726562
17.319000244140625,33.43000030517578,529.7199707
17.02400016784668,33.72999954223633,529.1400146484375
16.533000946044922,33.04999923706055,511.92999267578125
17.790000915527344,33.59000015258789,522.3099975585938
17.983999252319336,33.31999969482422,536.1799926757812
18.163000106811523,33.810001373291016,541.2999877929688
18.44099998474121,33.709999084472656,546.8099975585938
18.525999069213867,33.040000915527344,543.4600219726562
18.89299964904785,33.63999938964844,547.0100098
19.21500015258789,33.400001525878906,543.2800293
18.98900032043457,33.959999084472656,540.6699829101562
17.792999267578125,33.49000168,541.9000244140625
17.086000442504883,33.91999816894531,535.8200073242188
18.097000122070312,35.06999969482422,539.8200073242188
17.941999435424805,35.90999984741211,532.2000122070312
18.708999633789062,36.29999923706055,537.2100219726562
19.031999588012695,36.25,545.75
18.878999710083008,36.63999938964844,553.0200195
18.334999084472656,36.40999984741211,556.3200073242188
18.773000717163086,36.279998779296875,560.9600219726562
17.849000930786133,35.47999954223633,554.5300293
17.034000396728516,34.720001220703125,545.4699707
17.180999755859375,34.40999984741211,542.0700073242188
17.222000122070312,34.52000045776367,543.2199707
17.913000106811523,35.13999938964844,550.7700195
16.260000228881836,34.029998779296875,531.8200073242188
15.800999641418457,33.900001525878906,531.0599975585938
15.468000411987305,34.09000015258789,524.1400146484375
15.093999862670898,33.61000061035156,522.0999755859375
13.937000274658203,33.470001220703125,529.1699829101562
13.647000312805176,33.43000030517578,519.1099853515625
13.46500015258789,33.060001373291016,518.9000244140625
13.71399974822998,33.56999969482422,529.6400146484375
13.989999771118164,34.650001525878906,529.1199951171875
14.38700008392334,34.939998626708984,536.5800170898438
14.505000114440918,35.27000045776367,539.5200195
13.130999565124512,34,510.29998779296875
13.128000259399414,33.869998931884766,508
12.928999900817871,34.50999832,503.5
13.197999954223633,34.119998931884766,504.1400146484375
13.381999969482422,34.689998626708984,506.57000732421875
13.175999641418457,34.16999816894531,499.5199890136719
13.26099967956543,33.150001525878906,493.07000732421875
12.560999870300293,32.5,487.1700134277344
12.515999794006348,31.729999542236328,466.3999938964844
12.227999687194824,31.030000686645508,480.29998779296875
12.413000106811523,30.56999969482422,478.29998779296875
12.736000061035156,31.06999969482422,488.2900085449219
12.220000267028809,30.65999984741211,478.9800109863281
12.138999938964844,30.200000762939453,472.2699890136719
12.51200008392334,31.09000015258789,477.7300109863281
13.166999816894531,32.380001068115234,486.1300048828125
13.208999633789062,31.920000076293945,480.32000732421875
13.130000114440918,31.459999084472656,482.4899902
12.076000213623047,30.75,468.1499938964844
11.670000076293945,30.65999984741211,466.30999755859375
11.586000442504883,29.770000457763672,472.0199890136719
11.5,29.860000610351562,466.3800048828125
11.960000038146973,31.690000534057617,467.9899902
11.22700023651123,31.700000762939453,454.6499938964844
11.887999534606934,33.619998931884766,464.1700134277344
11.967000007629395,34.880001068115234,473.2699890136719
12.050999641418457,33.91999816894531,471.42999267578125
12.194000244140625,33.70000076293945,464.6199951171875
12.465999603271484,34.95000076293945,478.17999267578125
12.598999977111816,35.06999969482422,496.9700012207031
13.26099967956543,35.38999938964844,499.05999755859375
12.895999908447266,35.70000076293945,499.45001220703125
13.175999641418457,35.869998931884766,496.5400085449219
13.833999633789062,36.18000030517578,510.8699951171875
13.496999740600586,36.040000915527344,501.5
13.543000221252441,36.20000076293945,499.9599914550781
13.218999862670898,36.09000015258789,483.5100098
13.420999526977539,35.88999938964844,486.2900085449219
14.156000137329102,36.790000915527344,486.4100036621094
14.300999641418457,37.00999832,488.54998779296875
14.60200023651123,37.11000061035156,492.7600098
13.776000022888184,36.52000045776367,489.9700012207031
15.75,38.130001068115234,513.1300048828125
16.32699966430664,38.40999984741211,515.4699707
16.295000076293945,37.75999832,509.67999267578125
16.666000366210938,37.70000076293945,526.4699707
15.90999984741211,37.36000061035156,524.1099853515625
15.677000045776367,37.16999816894531,521.3200073242188
15.409000396728516,37.189998626708984,523.6699829101562
15.317000389099121,37.310001373291016,523.3699951171875
16.038000106811523,37.49000168,531.9500122070312
16.518999099731445,37.61000061035156,534.4899902
16.270000457763672,37.70000076293945,533.6599731445312
15.82699966430664,36.86000061035156,530.9199829101562
15.638999938964844,37,528.9600219726562
16.92300033569336,37.849998474121094,539.25
17.135000228881836,36.54999923706055,503.8599853515625
16.875999450683594,36.08000183105469,494.5299987792969
16.610000610351562,34.470001220703125,488.6600036621094
15.987000465393066,33,481.1600036621094
16.12000084,32.74000168,481.9700012207031
17.16900062561035,32.439998626708984,481.4200134277344
17.000999450683594,32.380001068115234,483.0199890136719
17.53499984741211,32.72999954223633,487.67999267578125
18.07200050354004,32.75,488.20001220703125
17.673999786376953,32.279998779296875,483.5199890136719
16.95199966430664,31.770000457763672,463.9100036621094
16.570999145507812,31.700000762939453,461.45001220703125
16.253999710083008,32.060001373291016,458.6300048828125
16.084999084472656,32.189998626708984,457.82000732421875
16.500999450683594,32.68000030517578,462.05999755859375
15.33899974822998,32.38999938964844,458.7099914550781
15.206000328063965,32.470001220703125,462.6499938964844
14.121000289916992,32.529998779296875,458.5
14.03600025177002,32.77000045776367,452.9899902
14.602999687194824,33.13999938964844,456.5299987792969
14.61400032043457,33.119998931884766,456.5
14.31499958,33.50999832,453.2799987792969
14.74899959564209,34.13999938964844,456.55999755859375
14.265000343322754,34.06999969482422,450.19000244140625
14.859000205993652,34.40999984741211,482.8699951171875
15.628000259399414,33.88999938964844,478.75
15.909000396728516,34.119998931884766,481.3999938964844
16.000999450683594,34.380001068115234,484.30999755859375
16.51099967956543,34.470001220703125,482.42999267578125
16.89900016784668,35.22999954223633,485.25
17.70199966430664,34.52000045776367,486.7699890136719
17.37700080871582,33.720001220703125,479.4700012207031
16.764999389648438,33.22999954223633,469.4899902
17.839000701904297,33.849998474121094,480.1099853515625
19.19300079345703,34.31999969482422,492.6099853515625
19.264999389648438,34.56999969482422,492.1099853515625
19.322999954223633,34.869998931884766,490.8800048828125
19.802000045776367,35.34000015258789,498.29998779296875
20.364999771118164,35.45000076293945,503.2900085449219
19.16200065612793,35.29999923706055,503.2799987792969
19.53700065612793,35.47999954223633,511.1400146484375
20.94300079345703,35.91999816894531,517.9099731445312
21.708999633789062,36.130001068115234,523.4299926757812
21.100000381469727,36.43000030517578,514.7999877929688
21.089000701904297,36.369998931884766,515.5900268554688
22.17300033569336,36.77000045776367,516.5300293
22.204999923706055,36.5,503.80999755859375
22.336999893188477,35.720001220703125,500.6300048828125
21.264999389648438,35.58000183105469,499.9899902
21.788000106811523,35.650001525878906,506.45001220703125
22.97100067138672,35.619998931884766,503.2200012207031
22.763999938964844,35.560001373291016,511.2799987792969
22.00200080871582,35.279998779296875,504.1000061035156
21.38800048828125,35.349998474121094,507.4800109863281
20.655000686645508,34.52000045776367,501.7399902
20.753999710083008,34.290000915527344,497.3900146484375
23.663999557495117,34.25999832,493.1400146484375
23.285999298095703,34.209999084472656,488.6099853515625
23.500999450683594,34.209999084472656,487.0299987792969
23.215999603271484,34.29999923706055,484.17999267578125
22.697999954223633,34.13999938964844,478.6700134277344
23.31399917602539,33.49000168,485.69000244140625
23.889999389648438,34.15999984741211,475.2600098
23.554000854492188,34.09000015258789,483.0799865722656
23.288000106811523,33,485.1499938964844
24.180999755859375,32.560001373291016,486.0400085449219
23.43600082397461,30.540000915527344,479.5199890136719
22.96500015258789,30.270000457763672,471.1400146484375
22.965999603271484,28.510000228881836,472
24.062999725341797,28.760000228881836,481.9200134277344
24.22800064086914,28.489999771118164,485.6600036621094
25.541000366210938,28.969999313354492,487.2600098
25.725000381469727,27.81999969482422,487.04998779296875
25.899999618530273,27.75,489.2900085449219
26.198999404907227,28.59000015258789,490.8500061035156
26.468000411987305,27.639999389648438,487.5199890136719
27.19099998474121,26.969999313354492,487.7600098
26.77899932861328,27.139999389648438,495.2699890136719
26.53100014,28.489999771118164,493.2200012207031
26.40999984741211,28.12000084,486.7699890136719
26.983999252319336,28.670000076293945,490.8699951171875
27.382999420166016,28.299999237060547,491.4800109863281
27.777000427246094,28.600000381469727,496.8699951171875
27.96500015258789,28.59000015258789,497.0299987792969
27.452999114990234,27.979999542236328,497.7300109863281
26.881000518798828,27.639999389648438,497.1300048828125
27.03700065612793,27.84000015258789,485.9800109863281
27.57900047302246,27.940000534057617,493.8299865722656
27.16900062561035,28.709999084472656,498.6499938964844
26.49500084,28.479999542236328,489.3500061035156
26.46299934387207,28.559999465942383,497.8900146484375
26.757999420166016,29.520000457763672,491.29998779296875
27.00200080871582,30.37000084,493.94000244140625
27.66699981689453,30.559999465942383,496.8999938964844
27.930999755859375,30.059999465942383,496.0299987792969
27.104000091552734,29.899999618530273,505.5799865722656
27.118999481201172,29.87000084,506.3500061035156
27.04199981689453,29.760000228881836,511.4200134277344
26.240999221801758,28.84000015258789,503.1700134277344
26.95599937438965,28.440000534057617,494.6600036621094
27.22599983215332,28.889999389648438,501.2699890136719
27.749000549316406,29.280000686645508,503.2200012207031
28.90999984741211,29.040000915527344,493.5899963378906
28.209999084472656,28.15999984741211,494.80999755859375
27.802000045776367,27.860000610351562,490.05999755859375
27.562000274658203,26.989999771118164,490.3399963378906
28.68000030517578,27.709999084472656,499.05999755859375
29.150999069213867,27.690000534057617,499.05999755859375
28.570999145507812,27.65999984741211,500.7900085449219
28.885000228881836,27.31999969482422,499.6600036621094
28.577999114990234,27.389999389648438,501.8900146484375
28.34000015258789,27.09000015258789,504.07000732421875
28.952999114990234,27.649999618530273,502.0400085449219
29.21299934387207,27.360000610351562,496.1499938964844
30.17799949645996,28.56999969482422,495
31.67799949645996,28.469999313354492,498.1000061035156
31.263999938964844,28.110000610351562,496.5199890136719
31.176000595092773,28.34000015258789,491.8699951171875
30.687999725341797,28.579999923706055,484.8699951171875
30.538000106811523,28.100000381469727,482.7600098
37.97999954223633,28.170000076293945,486.54998779296875
38.94599914550781,28.309999465942383,507.2600098
40.111000061035156,28.260000228881836,508.0299987792969
37.83399963378906,27.790000915527344,511.55999755859375
39.77000045776367,27.780000686645508,512.5999755859375
39.32699966430664,28.709999084472656,512.5900268554688
39.17100143432617,28.540000915527344,518.25
38.65399932861328,29.229999542236328,516.2600098
37.474998474121094,29.479999542236328,511.2300109863281
38.50999832,29.229999542236328,520.0900268554688
38.77000045776367,29.270000457763672,517.2800293
39.481998443603516,29.12999916,520.9699707
41.02199935913086,29.399999618530273,522.0200195
42.99700164794922,29.12000084,527.2000122070312
42.65299987792969,29.37000084,529.1799926757812
42.69200134277344,29.190000534057617,523.6500244140625
43.80799865722656,28.87000084,519.7000122070312
43.04499816894531,28.56999969482422,519.6199951171875
43.025001525878906,27.959999084472656,524.2000122070312
42.20899963378906,27.75,524.4400024414062
40.63199996948242,28.09000015258789,523.4199829101562
41.875999450683594,28.239999771118164,530.3300170898438
41.117000579833984,28.06999969482422,532.7999877929688
40.821998596191406,28.65999984741211,531.6900024414062
42.301998138427734,28.690000534057617,538.3800048828125
42.41299819946289,29.200000762939453,541.0399780273438
42.31700134277344,29.079999923706055,541.1300048828125
42.10300064086914,28.280000686645508,537.3699951171875
42.50299835205078,28.530000686645508,525.0499877929688
42.18000030517578,28.65999984741211,527.0100098
42.404998779296875,29.020000457763672,529.6400146484375
43.902000427246094,29.360000610351562,538
45.97700119018555,29.670000076293945,538.4500122070312
45.46900177001953,29.110000610351562,546.7000122070312
46.46099853515625,29.399999618530273,552.9600219726562
47.49399948120117,30.700000762939453,553.5900268554688
47.07699966430664,31.530000686645508,554.1099853515625
45.52000045776367,31.690000534057617,556.9600219726562
44.308998107910156,31.979999542236328,557.8599853515625
44.61199951171875,32.650001525878906,563.9299926757812
45.67900085449219,32.150001525878906,565.1900024414062
45.45199966430664,32.40999984741211,566.1699829101562
45.900001525878906,31.950000762939453,561.8300170898438
46.75,31.899999618530273,563.3200073242188
46.729000091552734,32,560.6699829101562
46.50699996948242,31.62000084,555.4699707
44.26900100708008,31.190000534057617,552.3499755859375
44.51499938964844,31.40999984741211,557.6900024414062
44.68000030517578,31.299999237060547,552.0399780273438
45.41699981689453,31.87999916,558.4099731445312
44.66400146484375,31.270000457763672,556.1199951171875
42.55400085449219,30.860000610351562,559.7000122070312
42.38800048828125,30.940000534057617,561.4899902
40.85499954223633,31.290000915527344,562.9600219726562
43.75299835205078,30.93000030517578,561.4699707
43.939998626708984,29.940000534057617,558.5100098
43.486000061035156,29.290000915527344,559.0499877929688
43.34400177001953,29.280000686645508,547.1099853515625
43.29899978637695,29.110000610351562,544.9400024414062
46.96699905395508,29.149999618530273,543.2100219726562
45.667999267578125,28.440000534057617,538.3699951171875
47.11600112915039,28.450000762939453,540.8599853515625
47.16299819946289,28.62000084,531.7100219726562
46.018001556396484,28.5,534.0100098
46.834999084472656,28.760000228881836,536.1900024414062
48.784000396728516,29.170000076293945,542.7700195
49.263999938964844,29.040000915527344,542.2600098
49.35499954223633,28.670000076293945,549.2800293
48.50899887084961,28.979999542236328,544.25
48.54800033569336,28.649999618530273,544.7299805
47.06100082397461,28.389999389648438,546.6900024414062
46.24100112915039,28.12999916,548.6199951171875
45.571998596191406,28.360000610351562,551.1900024414062
45.178001403808594,28.479999542236328,558.7800293
44.869998931884766,28.969999313354492,558.7899780273438
45.48500061035156,28.87999916,559.7600098
45.58100128173828,29.200000762939453,564.7700195
43.900001525878906,28.84000015258789,556.3599853515625
43.965999603271484,28.760000228881836,562.7199707
43.52000045776367,28.649999618530273,564.3499755859375
42.23899841308594,28.549999237060547,563.8300170898438
41.016998291015625,28.049999237060547,555.0800170898438
41.61000061035156,27.639999389648438,558.5900268554688
42.22200012207031,27.600000381469727,558.6199951171875
41.9109993,27.170000076293945,552.9600219726562
42.46799850463867,27.270000457763672,563.5300293
43.0890007,27.559999465942383,568.6300048828125
43.499000549316406,27.37999916,564.9600219726562
44.78200149536133,26.700000762939453,571.3099975585938
43.516998291015625,25.90999984741211,565.0399780273438
44.04100036621094,25.940000534057617,571.7999877929688
44.68799973,26.059999465942383,569.5200195
45.762001037597656,26.06999969482422,557.5300293
45.27299880981445,26.309999465942383,558.9699707
45.79800033569336,27.010000228881836,562.0900268554688
46.805999755859375,27.020000457763672,565.5200195
46.94499969482422,26.899999618530273,563.7800293
45.46099853515625,26.760000228881836,566.8400268554688
46.095001220703125,26.989999771118164,572.2399902
43.93799973,27.62000084,574.3400268554688
42.19599914550781,27.309999465942383,574.6400146484375
42.10100173950195,26.959999084472656,565.6300048828125
41.387001037597656,26.309999465942383,552.9299926757812
42.974998474121094,25.56999969482422,552.2899780273438
43.66299819946289,25.469999313354492,551.8400268554688
41.77899932861328,25.549999237060547,549.9899902
40.32600021362305,26.12000084,547.5999755859375
40.5,25.170000076293945,543.0300293
41.1609993,25.690000534057617,554.8800048828125
40.779998779296875,26.34000015258789,552.4400024414062
42.32500076293945,26.399999618530273,556.7999877929688
43.50600051879883,27.62000084,555.9699707
45.005001068115234,28.420000076293945,560.9000244140625
45.750999450683594,28.329999923706055,569.8200073242188
45.95500183105469,28.15999984741211,571.2700195
46.57400131225586,27.889999389648438,567.3800048828125
46.95000076293945,27.530000686645508,563.2700195
48.334999084472656,27.68000030517578,577.1199951171875
48.619998931884766,27.700000762939453,578.2299805
49.65599822998047,29.219999313354492,590.7999877929688
48.88800048828125,29.62000084,596.7800293
49.47999954223633,29.540000915527344,578.5800170898438
49.29800033569336,29.979999542236328,577.1500244140625
50.409000396728516,30.010000228881836,580.7999877929688
49.944000244140625,29.65999984741211,584.2999877929688
48.715999603271484,29.62999916,589.0800170898438
47.77600098,29.729999542236328,591.3599853515625
48.242000579833984,29.559999465942383,594.9000244140625
47.82099914550781,29.530000686645508,594
48.13999938964844,30.309999465942383,587.8599853515625
46.77000045776367,30.489999771118164,592.7399902
46.76499938964844,30.959999084472656,596.25
45.50999832,30.81999969482422,599.0800170898438
46.566001892089844,30.579999923706055,605.3499755859375
45.50299835205078,30.530000686645508,607.4299926757812
46.59600067138672,30.65999984741211,610.9500122070312
47.50600051879883,30.959999084472656,610.7800293
46.62699890136719,30.850000381469727,623.8599853515625
47.65700149536133,30.739999771118164,629.5
48.08800125,32.040000915527344,642
48.349998474121094,33.939998626708984,630.7800293
48.88999938964844,33.599998474121094,658.8200073242188
50.07699966430664,33.43000030517578,681.2399902
49.604000091552734,33.50999832,677.7399902
48.111000061035156,32.97999954223633,661
48.99000168,33.20000076293945,665.1599731445312
48.83000183105469,33.43000030517578,671.5999755859375
49.27899932861328,33.86000061035156,674.6199951171875
49.41699981689453,33.84000015258789,666.7999877929688
49.52199935913086,33.880001068115234,663.0999755859375
49.52199935913086,33.66999816894531,660.0800170898438
